,iteration,node,betweeness_centrality,closeness_centrality,in_degree_centrality,avg_dist_from_phil,size_of_gcc
0,500,philosophy,0.002339854238588416,0.09895801398425755,0.005063291139240506,9.337874659400544,0.9267676767676768
1,500,awareness,0.004289732770745429,0.0992364387183489,0.005063291139240506,9.337874659400544,0.9267676767676768
2,500,knowledge,0.00542130162383327,0.09368384470846022,0.012658227848101266,9.337874659400544,0.9267676767676768
3,500,science,0.0035481396240889915,0.06454171114839102,0.012658227848101266,9.337874659400544,0.9267676767676768
4,500,language,0.0003963687507991306,0.00953090096798213,0.005063291139240506,9.337874659400544,0.9267676767676768
5,500,philosophy_of_logic,0.00037718961769594685,0.01075310062651835,0.002531645569620253,9.337874659400544,0.9267676767676768
6,500,county_(united_states),0.0001086817542513745,0.002531645569620253,0.002531645569620253,9.337874659400544,0.9267676767676768
7,1000,philosophy,0.0012288770462454068,0.09731868335550274,0.005277044854881266,9.570621468926554,0.932806324110672
8,1000,awareness,0.0021292424068608535,0.0915887621930792,0.002638522427440633,9.570621468926554,0.932806324110672
9,1000,knowledge,0.0025481382599657236,0.08404872725527317,0.0079155672823219,9.570621468926554,0.932806324110672
10,1000,science,0.0016251768574815494,0.057527206451134356,0.011873350923482849,9.570621468926554,0.932806324110672
11,1000,language,0.0005092800205797796,0.015400542362943418,0.0065963060686015824,9.570621468926554,0.932806324110672
12,1000,philosophy_of_logic,0.0002728906594915543,0.01296669664664686,0.0013192612137203166,9.570621468926554,0.932806324110672
13,1000,county_(united_states),2.954867013602817e-05,0.0013192612137203166,0.0013192612137203166,9.570621468926554,0.932806324110672
14,1500,philosophy,0.0008449802444798275,0.09515776183379285,0.005509641873278237,9.669322709163346,0.9211009174311927
15,1500,awareness,0.0014566010395868612,0.08929107767432398,0.0018365472910927456,9.669322709163346,0.9211009174311927
16,1500,knowledge,0.0016975425649320562,0.08017150367353973,0.006427915518824609,9.669322709163346,0.9211009174311927
17,1500,science,0.001107825544856404,0.05407309900517843,0.009182736455463728,9.669322709163346,0.9211009174311927
18,1500,language,0.00030581039755351685,0.012124008893736628,0.005509641873278237,9.669322709163346,0.9211009174311927
19,1500,philosophy_of_logic,0.00017438774736522862,0.011461135418354668,0.0009182736455463728,9.669322709163346,0.9211009174311927
20,1500,county_(united_states),2.9485851003782616e-05,0.002066115702479339,0.0018365472910927456,9.669322709163346,0.9211009174311927
21,2000,philosophy,0.0006400219777375869,0.09145202926339299,0.004940014114326041,9.916083916083917,0.9076163610719323
22,2000,awareness,0.001119291934628175,0.08679760891884702,0.0014114326040931546,9.916083916083917,0.9076163610719323
23,2000,knowledge,0.0012462014247705425,0.07620947185007128,0.004940014114326041,9.916083916083917,0.9076163610719323
24,2000,science,0.0008395933720398983,0.05092909734977093,0.0077628793225123505,9.916083916083917,0.9076163610719323
25,2000,language,0.00021201350117901402,0.011142888979682799,0.0056457304163726185,9.916083916083917,0.9076163610719323
26,2000,philosophy_of_logic,0.0001239233844919589,0.010586433034407974,0.0007057163020465773,9.916083916083917,0.9076163610719323
27,2000,county_(united_states),2.1898108102996755e-05,0.0022582921665490474,0.002117148906139732,9.916083916083917,0.9076163610719323
28,2500,philosophy,0.0005193315047654771,0.09039837290213165,0.0045662100456621,10.064536340852131,0.910439247005134
29,2500,awareness,0.0009009343408690126,0.08520389180936741,0.001141552511415525,10.064536340852131,0.910439247005134
30,2500,knowledge,0.001001870244616535,0.07530727158771418,0.003995433789954338,10.064536340852131,0.910439247005134
31,2500,science,0.0006860385457936427,0.05099131137365222,0.00684931506849315,10.064536340852131,0.910439247005134
32,2500,language,0.0001569390503429216,0.009775071875528495,0.0045662100456621,10.064536340852131,0.910439247005134
33,2500,philosophy_of_logic,0.0001045175003321117,0.010588313149361392,0.0005707762557077625,10.064536340852131,0.910439247005134
34,2500,county_(united_states),2.8978372366224114e-05,0.003852739726027397,0.003424657534246575,10.064536340852131,0.910439247005134
35,3000,philosophy,0.0004427220135261487,0.08959006905360635,0.004373177842565598,10.169419286094833,0.9116075764934434
36,3000,awareness,0.0007695716876912424,0.08472310605002506,0.0009718172983479105,10.169419286094833,0.9116075764934434
37,3000,knowledge,0.0008606648098773264,0.07516614226415405,0.003887269193391642,10.169419286094833,0.9116075764934434
38,3000,science,0.0005718099353805215,0.04911756788563849,0.0058309037900874635,10.169419286094833,0.9116075764934434
39,3000,language,0.00014513541488197305,0.0100487501792286,0.004373177842565598,10.169419286094833,0.9116075764934434
40,3000,philosophy_of_logic,8.660926384013676e-05,0.010145009197123809,0.00048590864917395527,10.169419286094833,0.9116075764934434
41,3000,county_(united_states),2.7375135164729877e-05,0.003887269193391642,0.003401360544217687,10.169419286094833,0.9116075764934434
42,3500,philosophy,0.0003838958398667719,0.08795584236344904,0.003821656050955414,10.278273111215391,0.9044991511035654
43,3500,awareness,0.000671727603372516,0.08358593813217428,0.0008492569002123143,10.278273111215391,0.9044991511035654
44,3500,knowledge,0.0007492277025005498,0.07386043785862198,0.003821656050955414,10.278273111215391,0.9044991511035654
45,3500,science,0.0005023087820228608,0.048104961479566,0.005095541401273886,10.278273111215391,0.9044991511035654
46,3500,language,0.00011462805359402204,0.009147580973031576,0.003821656050955414,10.278273111215391,0.9044991511035654
47,3500,philosophy_of_logic,7.227334825660823e-05,0.009733603440828817,0.0004246284501061571,10.278273111215391,0.9044991511035654
48,3500,county_(united_states),2.5773288779787977e-05,0.004549590536851684,0.004246284501061571,10.278273111215391,0.9044991511035654
49,4000,philosophy,0.0003361966712752053,0.0866987489373812,0.003367003367003367,10.364808652246257,0.8990276738967838
50,4000,awareness,0.0005919467815919241,0.0829443323000024,0.0007482229704451926,10.364808652246257,0.8990276738967838
51,4000,knowledge,0.0006600815210471987,0.07302514348327935,0.003367003367003367,10.364808652246257,0.8990276738967838
52,4000,science,0.000441966410552798,0.04747090417697837,0.004863449307893752,10.364808652246257,0.8990276738967838
53,4000,language,9.877438615076776e-05,0.008928675064978433,0.003367003367003367,10.364808652246257,0.8990276738967838
54,4000,philosophy_of_logic,6.085957220337674e-05,0.009194434095849082,0.0003741114852225963,10.364808652246257,0.8990276738967838
55,4000,county_(united_states),2.3784200631204702e-05,0.0048484848484848485,0.0044893378226711555,10.364808652246257,0.8990276738967838
56,4500,philosophy,0.00030276295762621047,0.08589255853047342,0.0030425963488843813,10.42625424368163,0.895910780669145
57,4500,awareness,0.0005354905593939806,0.08260772329572981,0.000676132521974307,10.42625424368163,0.895910780669145
58,4500,knowledge,0.0005949006491923313,0.07259634116707477,0.0030425963488843813,10.42625424368163,0.895910780669145
59,4500,science,0.0004089013680544178,0.04824044387900886,0.004394861392832995,10.42625424368163,0.895910780669145
60,4500,language,8.226012433617794e-05,0.008067067383739324,0.0030425963488843813,10.42625424368163,0.895910780669145
61,4500,philosophy_of_logic,5.335483064582652e-05,0.008836436804396521,0.0003380662609871535,10.42625424368163,0.895910780669145
62,4500,county_(united_states),2.9705044899175365e-05,0.006795998682408419,0.006085192697768763,10.42625424368163,0.895910780669145
63,5000,philosophy,0.00027670507181444233,0.0860498624154902,0.002770935960591133,10.44402601848682,0.8990458602646968
64,5000,awareness,0.0004886876901873559,0.08271518021177209,0.0006157635467980296,10.44402601848682,0.8990458602646968
65,5000,knowledge,0.0005460187067790469,0.07313456855842053,0.002770935960591133,10.44402601848682,0.8990458602646968
66,5000,science,0.0003736466089603925,0.048257608012287415,0.0040024630541871924,10.44402601848682,0.8990458602646968
67,5000,language,8.282199752254198e-05,0.008799238192905671,0.002770935960591133,10.44402601848682,0.8990458602646968
68,5000,philosophy_of_logic,5.012910376364384e-05,0.009016020201183922,0.0003078817733990148,10.44402601848682,0.8990458602646968
69,5000,county_(united_states),3.06081295192003e-05,0.0076970443349753705,0.0067733990147783255,10.44402601848682,0.8990458602646968
70,5500,philosophy,0.0002539489423199827,0.08532325520801107,0.0025553662691652473,10.48223350253807,0.8946920238433154
71,5500,awareness,0.00044979024026906494,0.08231113501176947,0.0005678591709256105,10.48223350253807,0.8946920238433154
72,5500,knowledge,0.0005023369588957323,0.07275628587383272,0.0025553662691652473,10.48223350253807,0.8946920238433154
73,5500,science,0.0003484040868452191,0.04868795479032873,0.003975014196479273,10.48223350253807,0.8946920238433154
74,5500,language,7.664406351834452e-05,0.00862436115843271,0.0025553662691652473,10.48223350253807,0.8946920238433154
75,5500,philosophy_of_logic,4.505155784096171e-05,0.008701323961421347,0.00028392958546280523,10.48223350253807,0.8946920238433154
76,5500,county_(united_states),2.9658270635910393e-05,0.008112273870365864,0.007098239636570131,10.48223350253807,0.8946920238433154
77,6000,philosophy,0.00023351862829223266,0.0847684023428145,0.002365930599369085,10.478852410529429,0.8885676741130092
78,6000,awareness,0.00041418466763666715,0.0819207266454202,0.0005257623554153522,10.478852410529429,0.8885676741130092
79,6000,knowledge,0.00046503369438905863,0.07275252138319084,0.0026288117770767614,10.478852410529429,0.8885676741130092
80,6000,science,0.0003205008629135111,0.04841284497838565,0.004206098843322818,10.478852410529429,0.8885676741130092
81,6000,language,6.957197002670955e-05,0.008425794988940862,0.002365930599369085,10.478852410529429,0.8885676741130092
82,6000,philosophy_of_logic,4.083121577535784e-05,0.008507710855340467,0.0002628811777076761,10.478852410529429,0.8885676741130092
83,6000,county_(united_states),2.791169403256272e-05,0.008343245246591163,0.007360672975814931,10.478852410529429,0.8885676741130092
84,6500,philosophy,0.00021710657441416817,0.08409252134689606,0.0024563989191844753,10.51,0.8840864440078585
85,6500,awareness,0.00038661740356221274,0.08155911781862624,0.0004912797838368951,10.51,0.8840864440078585
86,6500,knowledge,0.00043409250055136264,0.0722484076030591,0.0024563989191844753,10.51,0.8840864440078585
87,6500,science,0.0002981822165404927,0.048075978974889536,0.003930238270695161,10.51,0.8840864440078585
88,6500,language,6.11686764256645e-05,0.007946316378815802,0.002210759027266028,10.51,0.8840864440078585
89,6500,philosophy_of_logic,3.661675206151711e-05,0.008120976894901244,0.00024563989191844754,10.51,0.8840864440078585
90,6500,county_(united_states),2.5456786441450114e-05,0.008121468926553672,0.007123556865634979,10.51,0.8840864440078585
91,7000,philosophy,0.00020319509013281482,0.08422407202846076,0.002524093620927031,10.513597513597514,0.8857536132140399
92,7000,awareness,0.0003625400481203875,0.0818275737751821,0.0004589261128958238,10.513597513597514,0.8857536132140399
93,7000,knowledge,0.0004084958288680422,0.07276699193083934,0.002294630564479119,10.513597513597514,0.8857536132140399
94,7000,science,0.00028041975262629653,0.04857884820075516,0.004359798072510326,10.513597513597514,0.8857536132140399
95,7000,language,5.780005413622557e-05,0.007865088650304766,0.002065167508031207,10.513597513597514,0.8857536132140399
96,7000,philosophy_of_logic,3.363773642354111e-05,0.00796398024802045,0.0002294630564479119,10.513597513597514,0.8857536132140399
97,7000,county_(united_states),2.4109676497624143e-05,0.008195109158853997,0.007113354749885269,10.513597513597514,0.8857536132140399
98,7500,philosophy,0.00019181616878921953,0.08413067058568288,0.002599653379549393,10.524089019320128,0.8856400259909032
99,7500,awareness,0.00034182504638685527,0.08146973616072081,0.0004332755632582322,10.524089019320128,0.8856400259909032
100,7500,knowledge,0.00038508691224391504,0.0723211206358127,0.002166377816291161,10.524089019320128,0.8856400259909032
101,7500,science,0.00026440413677281116,0.048131413551449516,0.004116117850953206,10.524089019320128,0.8856400259909032
102,7500,language,5.513307199787988e-05,0.00801301205816236,0.002166377816291161,10.524089019320128,0.8856400259909032
103,7500,philosophy_of_logic,3.16721902966544e-05,0.007959668787394722,0.0002166377816291161,10.524089019320128,0.8856400259909032
104,7500,county_(united_states),2.3601646991432834e-05,0.00851076999257242,0.0073656845753899474,10.524089019320128,0.8856400259909032
105,8000,philosophy,0.00018140407086159388,0.08396006259403807,0.0024570024570024574,10.552090552090553,0.8861821903787104
106,8000,awareness,0.0003230316945772422,0.08121737515073699,0.0004095004095004095,10.552090552090553,0.8861821903787104
107,8000,knowledge,0.0003620956026278442,0.07196289453635847,0.0020475020475020475,10.552090552090553,0.8861821903787104
108,8000,science,0.0002474187223419567,0.047485306919269187,0.0038902538902538903,10.552090552090553,0.8861821903787104
109,8000,language,5.247640866883446e-05,0.008038792425409527,0.0022522522522522522,10.552090552090553,0.8861821903787104
110,8000,philosophy_of_logic,3.05553529709108e-05,0.008151617526617527,0.00020475020475020476,10.552090552090553,0.8861821903787104
111,8000,county_(united_states),2.334613388861086e-05,0.008963241316182492,0.007780507780507781,10.552090552090553,0.8861821903787104
112,8500,philosophy,0.00017173057577938726,0.08345409639035833,0.002326934264107039,10.611731232217116,0.8858084528887166
113,8500,awareness,0.00030597967519011227,0.08077036418847251,0.00038782237735117316,10.611731232217116,0.8858084528887166
114,8500,knowledge,0.0003440626597051121,0.0716784086725997,0.0019391118867558659,10.611731232217116,0.8858084528887166
115,8500,science,0.00023334756651984602,0.04683933621740936,0.003684312584836145,10.611731232217116,0.8858084528887166
116,8500,language,5.127856947528113e-05,0.008081995013282809,0.0021330230754314523,10.611731232217116,0.8858084528887166
117,8500,philosophy_of_logic,2.9060362319935715e-05,0.00814547264389842,0.00019391118867558658,10.611731232217116,0.8858084528887166
118,8500,county_(united_states),2.1955047341322715e-05,0.00892427223387868,0.0077564475470234635,10.611731232217116,0.8858084528887166
119,9000,philosophy,0.0001631146089905416,0.08303568395902745,0.0022164758034724785,10.634957139870375,0.8832871652816251
120,9000,awareness,0.00029072057976294144,0.08038424315343637,0.0003694126339120798,10.634957139870375,0.8832871652816251
121,9000,knowledge,0.00032711608118345754,0.07140245843457765,0.001847063169560399,10.634957139870375,0.8832871652816251
122,9000,science,0.00022059016652903232,0.04632658659745987,0.003509420022164758,10.634957139870375,0.8832871652816251
123,9000,language,4.867514576108383e-05,0.008158159287718594,0.0022164758034724785,10.634957139870375,0.8832871652816251
124,9000,philosophy_of_logic,2.7799750382118654e-05,0.008172119844404661,0.0001847063169560399,10.634957139870375,0.8832871652816251
125,9000,county_(united_states),1.9920311930254347e-05,0.008500641283729656,0.007388252678241596,10.634957139870375,0.8832871652816251
126,9500,philosophy,0.00015547515021492318,0.08268166098253135,0.0021160289190618937,10.663534586165534,0.8818758815232722
127,9500,awareness,0.0002771567614809119,0.07999823950182654,0.00035267148651031563,10.663534586165534,0.8818758815232722
128,9500,knowledge,0.00031166534311229853,0.07101963256568379,0.0017633574325515782,10.663534586165534,0.8818758815232722
129,9500,science,0.00021336251868126732,0.04668674916334969,0.0033503791218479984,10.663534586165534,0.8818758815232722
130,9500,language,4.588708692606011e-05,0.008117334318948288,0.0021160289190618937,10.663534586165534,0.8818758815232722
131,9500,philosophy_of_logic,2.583480300511921e-05,0.007954275375096792,0.00017633574325515782,10.663534586165534,0.8818758815232722
132,9500,county_(united_states),1.9554862924452447e-05,0.008566678302426595,0.007406101216716628,10.663534586165534,0.8818758815232722
133,10000,philosophy,0.00014860746067730035,0.08238338010901974,0.002028397565922921,10.671343455698635,0.8793307419300321
134,10000,awareness,0.0002643910127966964,0.07957893559122195,0.0003380662609871535,10.671343455698635,0.8793307419300321
135,10000,knowledge,0.00029770056665093177,0.07083950564730755,0.0016903313049357674,10.671343455698635,0.8793307419300321
136,10000,science,0.0002047423434590949,0.046952230780634464,0.0033806626098715348,10.671343455698635,0.8793307419300321
137,10000,language,4.5564955744001166e-05,0.008256026712041249,0.002028397565922921,10.671343455698635,0.8793307419300321
138,10000,philosophy_of_logic,2.5339257520331684e-05,0.008092847725355927,0.00016903313049357674,10.671343455698635,0.8793307419300321
139,10000,county_(united_states),1.8740194964303928e-05,0.00859086027920296,0.0074374577417173765,10.671343455698635,0.8793307419300321
140,10500,philosophy,0.00014242915377437256,0.08235890140594368,0.001944894651539708,10.669985250737463,0.8789499270782694
141,10500,awareness,0.0002534204139348923,0.07955521236915092,0.00032414910858995135,10.669985250737463,0.8789499270782694
142,10500,knowledge,0.0002844906128865948,0.07049737321943701,0.0016207455429497568,10.669985250737463,0.8789499270782694
143,10500,science,0.00019600751883056287,0.04681768678786162,0.0032414910858995136,10.669985250737463,0.8789499270782694
144,10500,language,4.299401156714879e-05,0.008139561034338516,0.001944894651539708,10.669985250737463,0.8789499270782694
145,10500,philosophy_of_logic,2.4294111606360802e-05,0.008137812553972428,0.00016207455429497568,10.669985250737463,0.8789499270782694
146,10500,county_(united_states),1.817462187200181e-05,0.008667987274146107,0.0074554294975688815,10.669985250737463,0.8789499270782694
147,11000,philosophy,0.00013693284976115007,0.082148961666522,0.0018694500701043775,10.69950389794472,0.8791277258566979
148,11000,awareness,0.00024341191138651364,0.07927666924541014,0.0003115750116840629,10.69950389794472,0.8791277258566979
149,11000,knowledge,0.0002734774440560272,0.07020308717232063,0.0015578750584203146,10.69950389794472,0.8791277258566979
150,11000,science,0.00018876495450859232,0.04664782280943122,0.003115750116840629,10.69950389794472,0.8791277258566979
151,11000,language,4.227131389047022e-05,0.008140658249199918,0.002025237575946409,10.69950389794472,0.8791277258566979
152,11000,philosophy_of_logic,2.3513721676157087e-05,0.008136936001902101,0.00015578750584203146,10.69950389794472,0.8791277258566979
153,11000,county_(united_states),1.7010442616084742e-05,0.008473982771902795,0.0073220127745754785,10.69950389794472,0.8791277258566979
154,11500,philosophy,0.0001319938386314915,0.08201065444463959,0.0018034265103697023,10.709202873759835,0.8784372652141247
155,11500,awareness,0.00023469836867358275,0.079163998829993,0.00030057108506161706,10.709202873759835,0.8784372652141247
156,11500,knowledge,0.00026452965367481464,0.07027903827286572,0.0015028554253080852,10.709202873759835,0.8784372652141247
157,11500,science,0.00018361709185845293,0.04699224626752966,0.0031559963931469793,10.709202873759835,0.8784372652141247
158,11500,language,4.1393448453639676e-05,0.008276153146920944,0.0021039975954313195,10.709202873759835,0.8784372652141247
159,11500,philosophy_of_logic,2.274042694643489e-05,0.008170089134116315,0.00015028554253080853,10.709202873759835,0.8784372652141247
160,11500,county_(united_states),1.725291577663978e-05,0.008763758579317231,0.007514277126540426,10.709202873759835,0.8784372652141247
161,12000,philosophy,0.0001274395273904181,0.08203049011621244,0.0017398869073510224,10.714709762532982,0.8790953899681067
162,12000,awareness,0.00022681839684479658,0.07929536487306078,0.0002899811512251704,10.714709762532982,0.8790953899681067
163,12000,knowledge,0.0002560561310687899,0.07039873493085537,0.0014499057561258518,10.714709762532982,0.8790953899681067
164,12000,science,0.00017956719157122576,0.047440935074415054,0.003044802087864289,10.714709762532982,0.8790953899681067
165,12000,language,4.029384364298721e-05,0.008230009603831197,0.0020298680585761927,10.714709762532982,0.8790953899681067
166,12000,philosophy_of_logic,2.183896898542708e-05,0.008116127688607972,0.0001449905756125852,10.714709762532982,0.8790953899681067
167,12000,county_(united_states),1.7004548517045727e-05,0.008972424604900681,0.007684500507467015,10.714709762532982,0.8790953899681067
168,12500,philosophy,0.0001230569167586011,0.08179809450612349,0.0016813787305590584,10.736682615629984,0.8783973101709163
169,12500,awareness,0.00021896632739546904,0.0789962043714064,0.00028022978842650974,10.736682615629984,0.8783973101709163
170,12500,knowledge,0.0002464867927480865,0.07000039316262498,0.0014011489421325487,10.736682615629984,0.8783973101709163
171,12500,science,0.00017287641823145636,0.0471435431060971,0.0029424127784783522,10.736682615629984,0.8783973101709163
172,12500,language,3.9278495842073827e-05,0.008295067261276694,0.001961608518985568,10.736682615629984,0.8783973101709163
173,12500,philosophy_of_logic,2.1140899561176167e-05,0.00814529332007659,0.00014011489421325487,10.736682615629984,0.8783973101709163
174,12500,county_(united_states),1.588021146238767e-05,0.008670703727056186,0.007426089393302508,10.736682615629984,0.8783973101709163
175,13000,philosophy,0.00011884481594263761,0.0817980642191143,0.0016235962657285888,10.738219895287958,0.878517316017316
176,13000,awareness,0.0002116071025893783,0.07906915044805422,0.00027059937762143147,10.738219895287958,0.878517316017316
177,13000,knowledge,0.00023884275423309383,0.07018736669028534,0.0013529968881071572,10.738219895287958,0.878517316017316
178,13000,science,0.00016793488160691516,0.04744466676762257,0.0028412934650250306,10.738219895287958,0.878517316017316
179,13000,language,3.777848453805699e-05,0.008276549116803275,0.0018941956433500204,10.738219895287958,0.878517316017316
180,13000,philosophy_of_logic,2.029861402747345e-05,0.008110476424029225,0.00013529968881071573,10.738219895287958,0.878517316017316
181,13000,county_(united_states),1.5137018756285432e-05,0.008552799412530818,0.007306183195778649,10.738219895287958,0.878517316017316
182,13500,philosophy,0.00011474044315780344,0.0816531252001787,0.0015696533682145193,10.742695289206917,0.8773214752811928
183,13500,awareness,0.00020417879664356406,0.07886250320942231,0.0002616088947024199,10.742695289206917,0.8773214752811928
184,13500,knowledge,0.0002299598981552399,0.06988121752868728,0.0013080444735120993,10.742695289206917,0.8773214752811928
185,13500,science,0.00016223104554427464,0.04733991625818371,0.002746893394375409,10.742695289206917,0.8773214752811928
186,13500,language,3.5908780406773434e-05,0.008171941577669824,0.001962066710268149,10.742695289206917,0.8773214752811928
187,13500,philosophy_of_logic,1.9793453516263394e-05,0.008184992131275822,0.00013080444735120994,10.742695289206917,0.8773214752811928
188,13500,county_(united_states),1.5071765382738159e-05,0.008790993179482388,0.007455853499018967,10.742695289206917,0.8773214752811928
189,14000,philosophy,0.00011133606331569185,0.08165678363354928,0.0015218769816106531,10.750722125938763,0.8780116662439766
190,14000,awareness,0.0001981791576252016,0.07890024289863858,0.0002536461636017755,10.750722125938763,0.8780116662439766
191,14000,knowledge,0.0002237013781194964,0.06995905185342778,0.0012682308180088776,10.750722125938763,0.8780116662439766
192,14000,science,0.00015842431889684825,0.047640741710678,0.0027901077996195307,10.750722125938763,0.8780116662439766
193,14000,language,3.521969935885673e-05,0.00825231689493691,0.002029169308814204,10.750722125938763,0.8780116662439766
194,14000,philosophy_of_logic,1.931454745661504e-05,0.008238236998975025,0.00012682308180088776,10.750722125938763,0.8780116662439766
195,14000,county_(united_states),1.5615674921209993e-05,0.009428554958041324,0.00798985415345593,10.750722125938763,0.8780116662439766
196,14500,philosophy,0.0001079883480162235,0.08137314076697118,0.0014792899408284025,10.765053460889138,0.8761247380746949
197,14500,awareness,0.00019240980032776673,0.07869747285710493,0.0002465483234714004,10.765053460889138,0.8761247380746949
198,14500,knowledge,0.00021696434801233368,0.06976668499668245,0.001232741617357002,10.765053460889138,0.8761247380746949
199,14500,science,0.00015442318571674116,0.04762368753617026,0.0027120315581854043,10.765053460889138,0.8761247380746949
200,14500,language,3.3488999441080144e-05,0.008065254977102254,0.0019723865877712033,10.765053460889138,0.8761247380746949
201,14500,philosophy_of_logic,1.861344115940253e-05,0.008156085079162002,0.0001232741617357002,10.765053460889138,0.8761247380746949
202,14500,county_(united_states),1.5437760177920792e-05,0.00960466512305977,0.008136094674556213,10.765053460889138,0.8761247380746949
203,15000,philosophy,0.00010477427111821928,0.08124835026861073,0.0014364376346660281,10.772764561115668,0.8754039497307001
204,15000,awareness,0.00018652485104445464,0.07858240185132047,0.00023940627244433804,10.772764561115668,0.8754039497307001
205,15000,knowledge,0.00020982075762700962,0.06947879914149702,0.0011970313622216902,10.772764561115668,0.8754039497307001
206,15000,science,0.0001498474089464591,0.047551366257399925,0.0027531721331098876,10.772764561115668,0.8754039497307001
207,15000,language,3.278046387508351e-05,0.007901596587047971,0.0019152501795547043,10.772764561115668,0.8754039497307001
208,15000,philosophy_of_logic,1.8181122664982942e-05,0.00810705877393735,0.00011970313622216902,10.772764561115668,0.8754039497307001
209,15000,county_(united_states),1.4943192229769275e-05,0.009594387736595064,0.008139813263107493,10.772764561115668,0.8754039497307001
210,15500,philosophy,0.00010180336579108738,0.08126176887934197,0.0016284750494358498,10.76999734254584,0.87531984182368
211,15500,awareness,0.0001809191243487324,0.07843293953417876,0.00023263929277654997,10.76999734254584,0.87531984182368
212,15500,knowledge,0.00020332262916601356,0.06925486698875624,0.00116319646388275,10.76999734254584,0.87531984182368
213,15500,science,0.0001453927936421018,0.04746602124175696,0.0027916715133185998,10.76999734254584,0.87531984182368
214,15500,language,3.237414675588998e-05,0.00802716011968843,0.0018611143422123998,10.76999734254584,0.87531984182368
215,15500,philosophy_of_logic,1.7952566964089426e-05,0.008220339331711839,0.00011631964638827499,10.76999734254584,0.87531984182368
216,15500,county_(united_states),1.4353936359381223e-05,0.009477974044101762,0.008026055600790973,10.76999734254584,0.87531984182368
217,16000,philosophy,9.883952188444978e-05,0.08111339720907638,0.0016970245502884941,10.770455722423614,0.8737556561085973
218,16000,awareness,0.00017580713610341662,0.07834101161297857,0.00022626994003846588,10.770455722423614,0.8737556561085973
219,16000,knowledge,0.00019756386110711527,0.06913998891269457,0.0011313497001923293,10.770455722423614,0.8737556561085973
220,16000,science,0.00014132912600932007,0.047391638582266096,0.0027152392804615905,10.770455722423614,0.8737556561085973
221,16000,language,3.134248207885763e-05,0.007988378251195706,0.001810159520307727,10.770455722423614,0.8737556561085973
222,16000,philosophy_of_logic,1.7290197341174626e-05,0.008149742405535653,0.00011313497001923294,10.770455722423614,0.8737556561085973
223,16000,county_(united_states),1.4269851987719992e-05,0.00972510773534645,0.008258852811404005,10.770455722423614,0.8737556561085973
224,16500,philosophy,9.634279353960458e-05,0.08104664033619075,0.0016534391534391533,10.784012104400453,0.8741320401190344
225,16500,awareness,0.0001716311026902893,0.07839771731403111,0.0002204585537918871,10.784012104400453,0.8741320401190344
226,16500,knowledge,0.0001927220345420867,0.06914808282049842,0.0011022927689594356,10.784012104400453,0.8741320401190344
227,16500,science,0.0001393143522722126,0.04780203950874278,0.0026455026455026454,10.784012104400453,0.8741320401190344
228,16500,language,3.034858742269007e-05,0.007955590909273521,0.001763668430335097,10.784012104400453,0.8741320401190344
229,16500,philosophy_of_logic,1.665649053503126e-05,0.008063974501325089,0.00011022927689594356,10.784012104400453,0.8741320401190344
230,16500,county_(united_states),1.4311703756576824e-05,0.009753271097075635,0.008267195767195767,10.784012104400453,0.8741320401190344
231,17000,philosophy,9.395731820502514e-05,0.0809914871360192,0.0016134236850596968,10.78517788994214,0.8736287373628737
232,17000,awareness,0.00016712649299532113,0.07819622025817574,0.00021512315800795956,10.78517788994214,0.8736287373628737
233,17000,knowledge,0.000187185836724392,0.06879165403511128,0.0010756157900397977,10.78517788994214,0.8736287373628737
234,17000,science,0.0001352906718059307,0.0475106495444292,0.0025814778960955146,10.78517788994214,0.8736287373628737
235,17000,language,2.9221396920203584e-05,0.0077964097533086,0.0017209852640636765,10.78517788994214,0.8736287373628737
236,17000,philosophy_of_logic,1.6577300786481287e-05,0.008264701565627136,0.00010756157900397978,10.78517788994214,0.8736287373628737
237,17000,county_(united_states),1.4043854260145348e-05,0.00985395771732378,0.008389803162310423,10.78517788994214,0.8736287373628737
238,17500,philosophy,9.169809049396168e-05,0.08095119308175154,0.001575299306868305,10.785954785954786,0.8732542266092618
239,17500,awareness,0.0001633361898143195,0.07829381623459078,0.00021003990758244065,10.785954785954786,0.8732542266092618
240,17500,knowledge,0.00018287786345897375,0.06891182471982474,0.0010501995379122032,10.785954785954786,0.8732542266092618
241,17500,science,0.00013298704428943884,0.04783263194536919,0.002520478890989288,10.785954785954786,0.8732542266092618
242,17500,language,2.793400640062597e-05,0.007616196660003129,0.0016803192606595252,10.785954785954786,0.8732542266092618
243,17500,philosophy_of_logic,1.5957563072130192e-05,0.008154630930678967,0.00010501995379122033,10.785954785954786,0.8732542266092618
244,17500,county_(united_states),1.398354524910925e-05,0.009896111030326532,0.008506616257088847,10.785954785954786,0.8732542266092618
245,18000,philosophy,8.944051026954554e-05,0.08083960083610803,0.0015364129878111237,10.801571478831946,0.873310118803769
246,18000,awareness,0.00015954735171117972,0.0783029485187521,0.00020485506504148315,10.801571478831946,0.873310118803769
247,18000,knowledge,0.00017842993656752289,0.0688683851722837,0.0010242753252074157,10.801571478831946,0.873310118803769
248,18000,science,0.00012960796438895558,0.0478293290568271,0.0026631158455392807,10.801571478831946,0.873310118803769
249,18000,language,2.6792289846166938e-05,0.007485514809083384,0.0016388405203318652,10.801571478831946,0.873310118803769
250,18000,philosophy_of_logic,1.5389306657919694e-05,0.008046963959721702,0.00010242753252074157,10.801571478831946,0.873310118803769
251,18000,county_(united_states),1.3301731998801754e-05,0.009651825179839112,0.008296630134180067,10.801571478831946,0.873310118803769
252,18500,philosophy,8.739580962561564e-05,0.08069323506869756,0.0015021029441217705,10.815303430079156,0.8728346850906178
253,18500,awareness,0.00015589062095565013,0.07813450453135554,0.0002002803925495694,10.815303430079156,0.8728346850906178
254,18500,knowledge,0.000174129833634516,0.06867394951076888,0.001001401962747847,10.815303430079156,0.8728346850906178
255,18500,science,0.000126932486696956,0.047831150833840215,0.0026036451031444022,10.815303430079156,0.8728346850906178
256,18500,language,2.5819666106695763e-05,0.007390565970440809,0.0016022431403965552,10.815303430079156,0.8728346850906178
257,18500,philosophy_of_logic,1.5070663362471353e-05,0.008069605777850385,0.0001001401962747847,10.815303430079156,0.8728346850906178
258,18500,county_(united_states),1.316552295071516e-05,0.009702523625241237,0.00831163629080713,10.815303430079156,0.8728346850906178
259,19000,philosophy,8.552393357192632e-05,0.08063470086944018,0.0016655236602331734,10.825740574506284,0.8730407523510971
260,19000,awareness,0.00015255335249980573,0.07801245300414883,0.00019594396002743216,10.825740574506284,0.8730407523510971
261,19000,knowledge,0.00017006891514920148,0.06843722849068187,0.0010776917801508768,10.825740574506284,0.8730407523510971
262,19000,science,0.00012360708567757145,0.04748722219079921,0.002547271480356618,10.825740574506284,0.8730407523510971
263,19000,language,2.49824710007546e-05,0.007316853663086215,0.0015675516802194573,10.825740574506284,0.8730407523510971
264,19000,philosophy_of_logic,1.4578706665442273e-05,0.007990909842599684,9.797198001371608e-05,10.825740574506284,0.8730407523510971
265,19000,county_(united_states),1.2860741890515237e-05,0.009710308824526864,0.008327618301165867,10.825740574506284,0.8730407523510971
266,19500,philosophy,8.357703773347665e-05,0.08059452768853713,0.0016288205423014275,10.823083681089392,0.8723893466181261
267,19500,awareness,0.00014906178097242475,0.07798361487546444,0.00019162594615310913,10.823083681089392,0.8723893466181261
268,19500,knowledge,0.00016626368857402114,0.06844255505217751,0.0010539427038421003,10.823083681089392,0.8723893466181261
269,19500,science,0.00012104672120717809,0.047528554672238696,0.002491137299990419,10.823083681089392,0.8723893466181261
270,19500,language,2.4407615961923603e-05,0.0072664579016311365,0.001533007569224873,10.823083681089392,0.8723893466181261
271,19500,philosophy_of_logic,1.4237011040595527e-05,0.00796728048651607,9.581297307655457e-05,10.823083681089392,0.8723893466181261
272,19500,county_(united_states),1.238280328418012e-05,0.00958172889762427,0.008239915684583692,10.823083681089392,0.8723893466181261
273,20000,philosophy,8.18899946693601e-05,0.0806053871903211,0.0015950459748545695,10.827708512467757,0.8728773806173187
274,20000,awareness,0.00014614850924383379,0.07804593074302162,0.00018765246762994934,10.827708512467757,0.8728773806173187
275,20000,knowledge,0.00016268847484457845,0.06842374527414338,0.0010320885719647215,10.827708512467757,0.8728773806173187
276,20000,science,0.00011861417587548396,0.04758184694592253,0.002533308313004316,10.827708512467757,0.8728773806173187
277,20000,language,2.3714032638853714e-05,0.007183406611329649,0.0015012197410395947,10.827708512467757,0.8728773806173187
278,20000,philosophy_of_logic,1.3934414872793404e-05,0.007975178888681858,9.382623381497467e-05,10.827708512467757,0.8728773806173187
279,20000,county_(united_states),1.2270735522851551e-05,0.009632826671670732,0.008256708575717772,10.827708512467757,0.8728773806173187
280,20500,philosophy,8.024431851976015e-05,0.0805578868989607,0.0015626436253332108,10.836509106221708,0.8730698529411764
281,20500,awareness,0.00014326204560323992,0.07800448337397171,0.0001838404265097895,10.836509106221708,0.8730698529411764
282,20500,knowledge,0.0001594410169619829,0.06835721418815047,0.0010111223458038423,10.836509106221708,0.8730698529411764
283,20500,science,0.00011614220327344101,0.047545185631008104,0.0024818457578821584,10.836509106221708,0.8730698529411764
284,20500,language,2.3233509784095643e-05,0.0072175920539602175,0.0015626436253332108,10.836509106221708,0.8730698529411764
285,20500,philosophy_of_logic,1.364440665502344e-05,0.007985985453846978,9.192021325489476e-05,10.836509106221708,0.8730698529411764
286,20500,county_(united_states),1.1853314264394977e-05,0.009518892773486408,0.008180898979685634,10.836509106221708,0.8730698529411764
287,21000,philosophy,7.851176692068342e-05,0.0804570543291139,0.0016203078584931135,10.840264162625116,0.8722772277227723
288,21000,awareness,0.00014016254447480936,0.0778927171167438,0.00018003420649923484,10.840264162625116,0.8722772277227723
289,21000,knowledge,0.00015572715791697993,0.06808746089227738,0.0009901881357457917,10.840264162625116,0.8722772277227723
290,21000,science,0.0001134572004324386,0.047412052403810016,0.0024304617877396704,10.840264162625116,0.8722772277227723
291,21000,language,2.2905342114011564e-05,0.007295203453925707,0.0016203078584931135,10.840264162625116,0.8722772277227723
292,21000,philosophy_of_logic,1.337697906976763e-05,0.007996331362473356,9.001710324961742e-05,10.840264162625116,0.8722772277227723
293,21000,county_(united_states),1.1440517532714653e-05,0.009401958045848454,0.008101539292465569,10.840264162625116,0.8722772277227723
294,21500,philosophy,7.690278614943246e-05,0.08041806225072534,0.0015877216194760519,10.84129071414121,0.8719350855530076
295,21500,awareness,0.00013719581524989798,0.07778866022337978,0.00017641351327511687,10.84129071414121,0.8719350855530076
296,21500,knowledge,0.00015223406366940762,0.06787642767164279,0.0009702743230131428,10.84129071414121,0.8719350855530076
297,21500,science,0.00011068244193707391,0.04720013684570392,0.002469789185851636,10.84129071414121,0.8719350855530076
298,21500,language,2.2483465045205847e-05,0.007332305435203585,0.0016759283761136102,10.84129071414121,0.8719350855530076
299,21500,philosophy_of_logic,1.3186668945198585e-05,0.008037637631473919,8.820675663755844e-05,10.84129071414121,0.8719350855530076
300,21500,county_(united_states),1.0985000914820297e-05,0.009212873946487649,0.00793860809738026,10.84129071414121,0.8719350855530076
301,22000,philosophy,7.549218269933427e-05,0.08030653418886549,0.0015591165006496317,10.852742448330684,0.8716438593452278
302,22000,awareness,0.00013465260730103856,0.07765792858693457,0.00017323516673884798,10.852742448330684,0.8716438593452278
303,22000,knowledge,0.00014965651919596735,0.06781232451988034,0.0009527934170636639,10.852742448330684,0.8716438593452278
304,22000,science,0.00010865082798712694,0.04711208481742746,0.002425292334343872,10.852742448330684,0.8716438593452278
305,22000,language,2.2415844371023633e-05,0.007471013573930413,0.0016457340840190559,10.852742448330684,0.8716438593452278
306,22000,philosophy_of_logic,1.3030897480745666e-05,0.008089719366868092,8.661758336942399e-05,10.852742448330684,0.8716438593452278
307,22000,county_(united_states),1.0660279401346915e-05,0.00908526303179971,0.007795582503248159,10.852742448330684,0.8716438593452278
308,22500,philosophy,7.395393025748299e-05,0.08012370286632832,0.0015303519809556198,10.856151666178052,0.8699311400153023
309,22500,awareness,0.00013181175001033201,0.07742233241686247,0.00017003910899506886,10.856151666178052,0.8699311400153023
310,22500,knowledge,0.00014637558596311038,0.06753907160306707,0.0009352150994728787,10.856151666178052,0.8699311400153023
311,22500,science,0.00010626902233930535,0.04694943045797781,0.002380547525930964,10.856151666178052,0.8699311400153023
312,22500,language,2.1899961755294512e-05,0.0074386729200880755,0.0016153715354531542,10.856151666178052,0.8699311400153023
313,22500,philosophy_of_logic,1.2814730096414907e-05,0.008083819065206702,8.501955449753443e-05,10.856151666178052,0.8699311400153023
314,22500,county_(united_states),1.0400674906227327e-05,0.009069111212034464,0.007821799013773167,10.856151666178052,0.8699311400153023
315,23000,philosophy,7.250575813724764e-05,0.08011587842293603,0.0015006252605252188,10.855472493770366,0.8697899299766589
316,23000,awareness,0.00012931224400074444,0.07746571897620716,0.00016673614005835764,10.855472493770366,0.8697899299766589
317,23000,knowledge,0.00014378837686759835,0.06763256334145437,0.000917048770320967,10.855472493770366,0.8697899299766589
318,23000,science,0.00010465486550261786,0.04717363496605626,0.0023343059608170067,10.855472493770366,0.8697899299766589
319,23000,language,2.134934237492809e-05,0.007421653840685745,0.0015839933305543976,10.855472493770366,0.8697899299766589
320,23000,philosophy_of_logic,1.2530229264972443e-05,0.008071351534616265,8.336807002917882e-05,10.855472493770366,0.8697899299766589
321,23000,county_(united_states),1.0250742188482725e-05,0.009115252068334372,0.007836598582742809,10.855472493770366,0.8697899299766589
322,23500,philosophy,7.113268982009048e-05,0.08006995200108166,0.0014729950900163667,10.855892319277109,0.8693232959659603
323,23500,awareness,0.00012683086490467227,0.07740109813173161,0.00016366612111292964,10.855892319277109,0.8693232959659603
324,23500,knowledge,0.00014085250215246193,0.0675017982948951,0.000900163666121113,10.855892319277109,0.8693232959659603
325,23500,science,0.00010230973997563422,0.04700731115063279,0.002291325695581015,10.855892319277109,0.8693232959659603
326,23500,language,2.099227926065929e-05,0.007445802366451129,0.0015548281505728316,10.855892319277109,0.8693232959659603
327,23500,philosophy_of_logic,1.226056246451903e-05,0.008049898263939167,8.183306055646482e-05,10.855892319277109,0.8693232959659603
328,23500,county_(united_states),1.0238339709584706e-05,0.009311689412562515,0.008019639934533552,10.855892319277109,0.8693232959659603
329,24000,philosophy,6.981368954357296e-05,0.07990226217274171,0.0015269629510568192,10.871797243548238,0.8687720990035358
330,24000,awareness,0.00012445694830658598,0.07723509730994244,0.00016073294221650728,10.871797243548238,0.8687720990035358
331,24000,knowledge,0.00013852301822572585,0.06743700656839641,0.0008840311821907901,10.871797243548238,0.8687720990035358
332,24000,science,0.00010043225588271073,0.04695975740881689,0.002250261191031102,10.871797243548238,0.8687720990035358
333,24000,language,2.083431660199504e-05,0.007511283253757275,0.0015269629510568192,10.871797243548238,0.8687720990035358
334,24000,philosophy_of_logic,1.2070470467801837e-05,0.008039928127306388,8.036647110825364e-05,10.871797243548238,0.8687720990035358
335,24000,county_(united_states),1.0339659293178567e-05,0.009429966941387558,0.008036647110825364,10.871797243548238,0.8687720990035358
336,24500,philosophy,6.852560932141724e-05,0.0797759711670022,0.0014999605273545433,10.880512867145585,0.8680928323334386
337,24500,awareness,0.00012221314336143267,0.07713523539508949,0.00015789058182679404,10.880512867145585,0.8680928323334386
338,24500,knowledge,0.0001359481781872242,0.06728739919054368,0.0008683982000473672,10.880512867145585,0.8680928323334386
339,24500,science,9.84821938983591e-05,0.046882499199797395,0.0022104681455751164,10.880512867145585,0.8680928323334386
340,24500,language,2.0191249017951242e-05,0.007429629044849696,0.0014999605273545433,10.880512867145585,0.8680928323334386
341,24500,philosophy_of_logic,1.1846779130594233e-05,0.008046089785357516,7.894529091339702e-05,10.880512867145585,0.8680928323334386
342,24500,county_(united_states),1.0538087064615911e-05,0.00972055590827669,0.008289255545906687,10.880512867145585,0.8680928323334386
343,25000,philosophy,6.721632517174646e-05,0.0795555882559118,0.0014740108611326608,10.890599820948971,0.866496004964704
344,25000,awareness,0.00011983872174276904,0.07686757414954887,0.0001551590380139643,10.890599820948971,0.866496004964704
345,25000,knowledge,0.0001331447737576971,0.0670127768969548,0.0008533747090768036,10.890599820948971,0.866496004964704
346,25000,science,9.628382007545633e-05,0.04662001148125574,0.0021722265321955,10.890599820948971,0.866496004964704
347,25000,language,1.9793579863002428e-05,0.007406453376864065,0.0014740108611326608,10.890599820948971,0.866496004964704
348,25000,philosophy_of_logic,1.1693197225239805e-05,0.008104725903607984,7.757951900698215e-05,10.890599820948971,0.866496004964704
349,25000,county_(united_states),1.0393284409670172e-05,0.009793004958109745,0.008378588052754073,10.890599820948971,0.866496004964704
350,25500,philosophy,6.599302905947633e-05,0.07946903995630752,0.0014479500076207896,10.896700395952486,0.8660367294063858
351,25500,awareness,0.00011782229554626148,0.07689066742530386,0.00015241579027587258,10.896700395952486,0.8660367294063858
352,25500,knowledge,0.00013109174920702382,0.06708296931327724,0.0008382868465172992,10.896700395952486,0.8660367294063858
353,25500,science,9.506968309861731e-05,0.04677640603566529,0.002133821063862216,10.896700395952486,0.8660367294063858
354,25500,language,1.9140533595567935e-05,0.007278134040626947,0.0014479500076207896,10.896700395952486,0.8660367294063858
355,25500,philosophy_of_logic,1.1329848618007597e-05,0.0079917407959736,7.620789513793629e-05,10.896700395952486,0.8660367294063858
356,25500,county_(united_states),1.0499418914073673e-05,0.009929367444682253,0.008459076360310928,10.896700395952486,0.8660367294063858
357,26000,philosophy,6.484446979925995e-05,0.07941161830388854,0.001497454327643007,10.90586913302792,0.8661376057497941
358,26000,awareness,0.00011574805125215411,0.07680387545013524,0.0001497454327643007,10.90586913302792,0.8661376057497941
359,26000,knowledge,0.0001288593250125681,0.06704027997976535,0.0008984725965858042,10.90586913302792,0.8661376057497941
360,26000,science,9.340451247104673e-05,0.04674923001268214,0.0020964360587002098,10.90586913302792,0.8661376057497941
361,26000,language,1.8868126326444415e-05,0.0072910709443987495,0.0014225816112608566,10.90586913302792,0.8661376057497941
362,26000,philosophy_of_logic,1.1149347374717154e-05,0.008002697880068618,7.487271638215035e-05,10.90586913302792,0.8661376057497941
363,26000,county_(united_states),1.0386998836274956e-05,0.01002078313999958,0.008535489667565139,10.90586913302792,0.8661376057497941
364,26500,philosophy,6.380268265665925e-05,0.07937769782661318,0.001473513593162897,10.909663150731541,0.8660674819507883
365,26500,awareness,0.0001139221187818478,0.07680439992235759,0.00014735135931628969,10.909663150731541,0.8660674819507883
366,26500,knowledge,0.00012674236007789453,0.06702274963097876,0.0008841081558977381,10.909663150731541,0.8660674819507883
367,26500,science,9.198333160207607e-05,0.04678701862893315,0.0021365947100862002,10.909663150731541,0.8660674819507883
368,26500,language,1.8421633767477797e-05,0.007191237505832658,0.001399837913504752,10.909663150731541,0.8660674819507883
369,26500,philosophy_of_logic,1.0915116531054168e-05,0.007960449117107162,7.367567965814484e-05,10.909663150731541,0.8660674819507883
370,26500,county_(united_states),1.0057539001513363e-05,0.009860574642145023,0.008399027481028512,10.909663150731541,0.8660674819507883
371,27000,philosophy,6.266809040159762e-05,0.07923721974427557,0.0015224010439321444,10.909441556263626,0.864516129032258
372,27000,awareness,0.00011194071225529819,0.07668759005809649,0.0001449905756125852,10.909441556263626,0.864516129032258
373,27000,knowledge,0.0001242431021613896,0.06680941241572382,0.0008699434536755112,10.909441556263626,0.864516129032258
374,27000,science,8.99845460751829e-05,0.046531103018598106,0.002102363346382485,10.909441556263626,0.864516129032258
375,27000,language,1.798324573201401e-05,0.007110509810272547,0.0013774104683195593,10.909441556263626,0.864516129032258
376,27000,philosophy_of_logic,1.0662771943382941e-05,0.007901978685601486,7.24952878062926e-05,10.909441556263626,0.864516129032258
377,27000,county_(united_states),9.785155918471678e-06,0.009766381058247087,0.008336958097723649,10.909441556263626,0.864516129032258
378,27500,philosophy,6.168476534437174e-05,0.07919594173204851,0.0014983945772386728,10.91599273807559,0.8645833333333334
379,27500,awareness,0.00011025063654890309,0.07670610568858661,0.00014270424545130217,10.91599273807559,0.8645833333333334
380,27500,knowledge,0.000122280107582059,0.06683113495001973,0.000856225472707813,10.91599273807559,0.8645833333333334
381,27500,science,8.85538081344678e-05,0.04649201422586328,0.0021405636817695326,10.91599273807559,0.8645833333333334
382,27500,language,1.7634400194182034e-05,0.0070381918437659625,0.0013556903317873707,10.91599273807559,0.8645833333333334
383,27500,philosophy_of_logic,1.0400427135310015e-05,0.0078114238779931145,7.135212272565108e-05,10.91599273807559,0.8645833333333334
384,27500,county_(united_states),9.753900338352418e-06,0.009867230165482037,0.008348198358901177,10.91599273807559,0.8645833333333334
385,28000,philosophy,6.074487885566306e-05,0.07917553085594675,0.0015459208769587518,10.918156697009103,0.8645306351883081
386,28000,awareness,0.00010855869717950612,0.07665484270774996,0.0002108073923125571,10.918156697009103,0.8645306351883081
387,28000,knowledge,0.00012046277772254469,0.06679397934249164,0.0008432295692502284,10.918156697009103,0.8645306351883081
388,28000,science,8.728836164262922e-05,0.04651316014863213,0.0021080739231255706,10.918156697009103,0.8645306351883081
389,28000,language,1.7275975868972205e-05,0.0070072422230969215,0.0013351134846461949,10.918156697009103,0.8645306351883081
390,28000,philosophy_of_logic,1.0205613638515448e-05,0.00777513650820594,7.026913077085236e-05,10.918156697009103,0.8645306351883081
391,28000,county_(united_states),9.637812202410331e-06,0.009904763036993619,0.00836202656173143,10.918156697009103,0.8645306351883081
392,28500,philosophy,5.9799667950390475e-05,0.07909254338829974,0.0015920260261646016,10.922855082912761,0.8639950166112956
393,28500,awareness,0.00010692747868809206,0.07661615621851517,0.00020765556863016542,10.922855082912761,0.8639950166112956
394,28500,knowledge,0.00011878488761111852,0.06684089700538559,0.0008306222745206617,10.922855082912761,0.8639950166112956
395,28500,science,8.626923736441927e-05,0.046601911673856966,0.0020765556863016543,10.922855082912761,0.8639950166112956
396,28500,language,1.6863870468304317e-05,0.006952309541261619,0.0013843704575344361,10.922855082912761,0.8639950166112956
397,28500,philosophy_of_logic,9.979386984510765e-06,0.007714779192591666,6.92185228767218e-05,10.922855082912761,0.8639950166112956
398,28500,county_(united_states),9.481136266129046e-06,0.00990981962892673,0.00837544126808334,10.922855082912761,0.8639950166112956
399,29000,philosophy,5.895233753327999e-05,0.07907107786694356,0.0016376663254861821,10.926083866382374,0.8640147379912664
400,29000,awareness,0.00010538510188483594,0.07656585487436243,0.00020470829068577277,10.926083866382374,0.8640147379912664
401,29000,knowledge,0.0001170852459553724,0.06682268217166096,0.0008188331627430911,10.926083866382374,0.8640147379912664
402,29000,science,8.491799749403679e-05,0.046574886192034426,0.0020470829068577278,10.926083866382374,0.8640147379912664
403,29000,language,1.6584127807103407e-05,0.006935517963441416,0.001364721937905152,10.926083866382374,0.8640147379912664
404,29000,philosophy_of_logic,9.83780518147375e-06,0.007718860635766887,6.82360968952576e-05,10.926083866382374,0.8640147379912664
405,29000,county_(united_states),9.423434778657298e-06,0.009981966174391966,0.008461276015011942,10.926083866382374,0.8640147379912664
406,29500,philosophy,5.807683956728765e-05,0.07901855373808753,0.0016133369185264857,10.93340594367512,0.8640182832560328
407,29500,awareness,0.00010385872227916491,0.0765531653342997,0.00020166711481581071,10.93340594367512,0.8640182832560328
408,29500,knowledge,0.00011528611878314613,0.06678373669594437,0.0008066684592632429,10.93340594367512,0.8640182832560328
409,29500,science,8.337164606364464e-05,0.046396794503674836,0.002016671148158107,10.93340594367512,0.8640182832560328
410,29500,language,1.6189941349847634e-05,0.006851355540960097,0.0013444474321054048,10.93340594367512,0.8640182832560328
411,29500,philosophy_of_logic,9.674201627134743e-06,0.00768783270910737,6.722237160527024e-05,10.93340594367512,0.8640182832560328
412,29500,county_(united_states),9.348866495348801e-06,0.010100883637111679,0.00860446356547459,10.93340594367512,0.8640182832560328
413,30000,philosophy,5.720699909382886e-05,0.07897019805752237,0.0015887726731100226,10.942861519607844,0.8642351227907592
414,30000,awareness,0.00010231529849420223,0.07648905871585991,0.00019859658413875282,10.942861519607844,0.8642351227907592
415,30000,knowledge,0.00011356389034972568,0.06673193307917671,0.0007943863365550113,10.942861519607844,0.8642351227907592
416,30000,science,8.234214630196385e-05,0.046428873212546566,0.001985965841387528,10.942861519607844,0.8642351227907592
417,30000,language,1.594609495997267e-05,0.006876741804884766,0.0013239772275916854,10.942861519607844,0.8642351227907592
418,30000,philosophy_of_logic,9.495792189684194e-06,0.007673840316726548,6.619886137958427e-05,10.942861519607844,0.8642351227907592
419,30000,county_(united_states),9.224108241479107e-06,0.010123577423764086,0.008605851979345954,10.942861519607844,0.8642351227907592
420,30500,philosophy,5.640154324222573e-05,0.07898790362721328,0.0015656598603953293,10.945605431912487,0.8646444879321592
421,30500,awareness,0.00010096020925168293,0.0765809051470578,0.00019570748254941616,10.945605431912487,0.8646444879321592
422,30500,knowledge,0.00011207115156384916,0.06680179601315314,0.0007828299301976646,10.945605431912487,0.8646444879321592
423,30500,science,8.112136855489279e-05,0.046368461740004044,0.0019570748254941614,10.945605431912487,0.8646444879321592
424,30500,language,1.5604682289817545e-05,0.006836739718296201,0.001304716550329441,10.945605431912487,0.8646444879321592
425,30500,philosophy_of_logic,9.272594139490709e-06,0.007602647189874415,6.523582751647205e-05,10.945605431912487,0.8646444879321592
426,30500,county_(united_states),9.110887587264621e-06,0.010122185623681544,0.00861112923217431,10.945605431912487,0.8646444879321592
427,31000,philosophy,5.5572952593534546e-05,0.07891346661056264,0.00154320987654321,10.952019638473555,0.8643348550118948
428,31000,awareness,9.947484097255131e-05,0.07651698742692863,0.00019290123456790125,10.952019638473555,0.8643348550118948
429,31000,knowledge,0.00011051749506995726,0.0667750765246056,0.000771604938271605,10.952019638473555,0.8643348550118948
430,31000,science,7.998585878791199e-05,0.04635880871314622,0.0019290123456790125,10.952019638473555,0.8643348550118948
431,31000,language,1.550767335056897e-05,0.00686987132813208,0.0012860082304526751,10.952019638473555,0.8643348550118948
432,31000,philosophy_of_logic,9.149155191897929e-06,0.007596540292572959,6.430041152263375e-05,10.952019638473555,0.8643348550118948
433,31000,county_(united_states),9.074738204345211e-06,0.010261824324324324,0.00874485596707819,10.952019638473555,0.8643348550118948
434,31500,philosophy,5.4875681487445176e-05,0.07879410444070971,0.001525068310351401,10.959829311359623,0.8636421400432075
435,31500,awareness,9.832885521769939e-05,0.07648545712515782,0.00019063353879392511,10.959829311359623,0.8636421400432075
436,31500,knowledge,0.00010909726390926119,0.06667491128635221,0.0007625341551757005,10.959829311359623,0.8636421400432075
437,31500,science,7.908542221283119e-05,0.04629547830788444,0.0019063353879392514,10.959829311359623,0.8636421400432075
438,31500,language,1.514521972330269e-05,0.006789110942054402,0.0012708902586261676,10.959829311359623,0.8636421400432075
439,31500,philosophy_of_logic,8.95146684259186e-06,0.007520612255210814,6.354451293130838e-05,10.959829311359623,0.8636421400432075
440,31500,county_(united_states),8.898977411399394e-06,0.01016985516633972,0.008642053758657939,10.959829311359623,0.8636421400432075
441,32000,philosophy,5.415380648072786e-05,0.0788158430139971,0.0015047965389679604,10.958336357697611,0.8637617554858934
442,32000,awareness,9.699805276654761e-05,0.07646341434527637,0.00018809956737099505,10.958336357697611,0.8637617554858934
443,32000,knowledge,0.00010753713197494128,0.066632611694949,0.0007523982694839802,10.958336357697611,0.8637617554858934
444,32000,science,7.794044142663989e-05,0.046229095101952875,0.0018809956737099506,10.958336357697611,0.8637617554858934
445,32000,language,1.5075482567769404e-05,0.006851848484722188,0.0012539971158066336,10.958336357697611,0.8637617554858934
446,32000,philosophy_of_logic,8.833014166826037e-06,0.007517122010933093,6.269985579033168e-05,10.958336357697611,0.8637617554858934
447,32000,county_(united_states),8.911634675654039e-06,0.010260139258822562,0.008652580099065773,10.958336357697611,0.8637617554858934
448,32500,philosophy,5.3401622541864446e-05,0.07874238227444452,0.0014843218504545736,10.96540857981809,0.8635126777983921
449,32500,awareness,9.56463525930672e-05,0.07636863463613715,0.0001855402313068217,10.96540857981809,0.8635126777983921
450,32500,knowledge,0.00010607653628248594,0.0665503859826525,0.0007421609252272868,10.96540857981809,0.8635126777983921
451,32500,science,7.687431682201214e-05,0.04615342921835647,0.0018554023130682169,10.96540857981809,0.8635126777983921
452,32500,language,1.4801910846369819e-05,0.006808146753385574,0.0012369348753788114,10.96540857981809,0.8635126777983921
453,32500,philosophy_of_logic,8.709031265422242e-06,0.007517763697907253,6.184674376894056e-05,10.96540857981809,0.8635126777983921
454,32500,county_(united_states),8.842898676177526e-06,0.010313455978731016,0.00872039087142062,10.96540857981809,0.8635126777983921
455,33000,philosophy,5.271200295970396e-05,0.07877324096611289,0.001525320317266626,10.96744810055077,0.8640107375999024
456,33000,awareness,9.440961309702504e-05,0.07640868651852896,0.00018303843807199513,10.96744810055077,0.8640107375999024
457,33000,knowledge,0.00010466464933415409,0.06657998284000431,0.0007321537522879805,10.96744810055077,0.8640107375999024
458,33000,science,7.593193618918163e-05,0.04624977370790885,0.0018303843807199512,10.96744810055077,0.8640107375999024
459,33000,language,1.4666004636765313e-05,0.006811781835090283,0.0012202562538133007,10.96744810055077,0.8640107375999024
460,33000,philosophy_of_logic,8.602318963341279e-06,0.007507158960492937,6.101281269066504e-05,10.96744810055077,0.8640107375999024
461,33000,county_(united_states),8.673043351183549e-06,0.010255699151367242,0.008663819402074436,10.96744810055077,0.8640107375999024
462,33500,philosophy,5.208557267830715e-05,0.07869175482510773,0.0015078407720144752,10.974092178770949,0.8636391049996984
463,33500,awareness,9.332771410065832e-05,0.0763766199045462,0.00018094089264173704,10.974092178770949,0.8636391049996984
464,33500,knowledge,0.00010339271721546214,0.06653169581815609,0.0007237635705669482,10.974092178770949,0.8636391049996984
465,33500,science,7.494371491662562e-05,0.046187800283829676,0.0018094089264173703,10.974092178770949,0.8636391049996984
466,33500,language,1.438273303792349e-05,0.006736490424363997,0.0012062726176115801,10.974092178770949,0.8636391049996984
467,33500,philosophy_of_logic,8.48632174442982e-06,0.0074755910972264085,6.031363088057901e-05,10.974092178770949,0.8636391049996984
468,33500,county_(united_states),8.606359728813095e-06,0.010298927557628025,0.008685162846803377,10.974092178770949,0.8636391049996984
469,34000,philosophy,5.1452219195735186e-05,0.07872307488632338,0.0014891589230402668,10.972281596910983,0.8638394186669843
470,34000,awareness,9.211515425312871e-05,0.07633631999032442,0.00017869907076483203,10.972281596910983,0.8638394186669843
471,34000,knowledge,0.00010207067259978662,0.06648533924305636,0.0007147962830593281,10.972281596910983,0.8638394186669843
472,34000,science,7.39780873293528e-05,0.04613568129500089,0.0017869907076483202,10.972281596910983,0.8638394186669843
473,34000,language,1.4376251012351329e-05,0.006822134654027898,0.0012508934953538242,10.972281596910983,0.8638394186669843
474,34000,philosophy_of_logic,8.46183580070531e-06,0.007545978259724272,5.9566356921610674e-05,10.972281596910983,0.8638394186669843
475,34000,county_(united_states),8.49021931701795e-06,0.010303072450295837,0.008696688110555158,10.972281596910983,0.8638394186669843
476,34500,philosophy,5.078217198042685e-05,0.07870210063362797,0.001469982948197801,10.97358747447243,0.8637111947318908
477,34500,awareness,9.09750735696734e-05,0.07636625669602566,0.0001763979537837361,10.97358747447243,0.8637111947318908
478,34500,knowledge,0.00010078648374602655,0.06648189814143086,0.0007055918151349444,10.97358747447243,0.8637111947318908
479,34500,science,7.299785971589032e-05,0.04610417976030559,0.001763979537837361,10.97358747447243,0.8637111947318908
480,34500,language,1.410519856219903e-05,0.0067720979822557216,0.0012347856764861526,10.97358747447243,0.8637111947318908
481,34500,philosophy_of_logic,8.300632781333302e-06,0.007500976064510394,5.8799317927912035e-05,10.97358747447243,0.8637111947318908
482,34500,county_(united_states),8.366318755029817e-06,0.010275431169961933,0.008643499735403069,10.97358747447243,0.8637111947318908
483,35000,philosophy,5.013939095285519e-05,0.07858768294352902,0.0014531504301325273,10.976148767012532,0.8626562045916885
484,35000,awareness,8.984278846501435e-05,0.07625319094399843,0.00017437805161590327,10.976148767012532,0.8626562045916885
485,35000,knowledge,9.935309003042688e-05,0.06629591358842855,0.0007556382236689142,10.976148767012532,0.8626562045916885
486,35000,science,7.21870740846073e-05,0.04608190484712505,0.0017437805161590327,10.976148767012532,0.8626562045916885
487,35000,language,1.38076740667286e-05,0.006706175784756478,0.001220646361311323,10.976148767012532,0.8626562045916885
488,35000,philosophy_of_logic,8.16568344000074e-06,0.007473233865293082,5.812601720530109e-05,10.976148767012532,0.8626562045916885
489,35000,county_(united_states),8.297442502541091e-06,0.010362398209438545,0.008777028598000464,10.976148767012532,0.8626562045916885
490,35500,philosophy,4.955819195394429e-05,0.07854823864184934,0.0014364513904849459,10.980550189835476,0.8625682275208274
491,35500,awareness,8.880661615727787e-05,0.07622526570028614,0.0001723741668581935,10.980550189835476,0.8625682275208274
492,35500,knowledge,9.815242227382572e-05,0.0662414771450166,0.0007469547230521719,10.980550189835476,0.8625682275208274
493,35500,science,7.140908940552684e-05,0.046105932544084995,0.0017237416685819352,10.980550189835476,0.8625682275208274
494,35500,language,1.3677030992885104e-05,0.006707555857218883,0.0012066191680073547,10.980550189835476,0.8625682275208274
495,35500,philosophy_of_logic,8.064925589094452e-06,0.007457846517297467,5.745805561939784e-05,10.980550189835476,0.8625682275208274
496,35500,county_(united_states),8.137552835496448e-06,0.010293969777062744,0.008733624454148471,10.980550189835476,0.8625682275208274
497,36000,philosophy,4.8961047601603134e-05,0.07845167192004632,0.0014195673158821191,10.99078158951735,0.862309788780377
498,36000,awareness,8.773074320342572e-05,0.07612152134819504,0.0001703480779058543,10.99078158951735,0.862309788780377
499,36000,knowledge,9.697098832565637e-05,0.06617379924197009,0.000738175004258702,10.99078158951735,0.862309788780377
500,36000,science,7.064306031863074e-05,0.046109755259062864,0.001703480779058543,10.99078158951735,0.862309788780377
501,36000,language,1.3583095847856843e-05,0.006748919171621419,0.0012492192379762648,10.99078158951735,0.862309788780377
502,36000,philosophy_of_logic,7.973177315867547e-06,0.007452464983518384,5.6782692635284766e-05,10.99078158951735,0.862309788780377
503,36000,county_(united_states),7.947384586984838e-06,0.010172974277440235,0.008630969280563285,10.99078158951735,0.862309788780377
504,36500,philosophy,4.839428818062019e-05,0.07841825908095423,0.0014041788362165804,10.98728979272585,0.8616680707666385
505,36500,awareness,8.669079157105948e-05,0.07605116689907947,0.00016850146034598967,10.98728979272585,0.8616680707666385
506,36500,knowledge,9.593999650851978e-05,0.06618201729888816,0.0007301729948326218,10.98728979272585,0.8616680707666385
507,36500,science,7.000310599153528e-05,0.046202884197219345,0.0016850146034598965,10.98728979272585,0.8616680707666385
508,36500,language,1.3511031632722527e-05,0.006807914900197533,0.0012356773758705909,10.98728979272585,0.8616680707666385
509,36500,philosophy_of_logic,7.895893573827804e-06,0.0074670108150111615,5.616715344866322e-05,10.98728979272585,0.8616680707666385
510,36500,county_(united_states),7.832802134963819e-06,0.010161820525251572,0.008649741631094136,10.98728979272585,0.8616680707666385
511,37000,philosophy,4.781490918603075e-05,0.07839320698588922,0.0013878094815143777,10.987305065085707,0.8613932833749653
512,37000,awareness,8.567980601389348e-05,0.07605615620983766,0.00016653713778172531,10.987305065085707,0.8613932833749653
513,37000,knowledge,9.471462677392713e-05,0.06612698287406306,0.0007216609303874764,10.987305065085707,0.8613932833749653
514,37000,science,6.912007655808828e-05,0.046207818693961934,0.0016653713778172533,10.987305065085707,0.8613932833749653
515,37000,language,1.3391995574047152e-05,0.006837218387620978,0.0012212723437326524,10.987305065085707,0.8613932833749653
516,37000,philosophy_of_logic,7.799158029892623e-06,0.007467408969590938,5.551237926057511e-05,10.987305065085707,0.8613932833749653
517,37000,county_(united_states),7.706714434121474e-06,0.010141450829249207,0.008659931164649717,10.987305065085707,0.8613932833749653
518,37500,philosophy,4.7266440769727924e-05,0.07826886263061837,0.0013732491073880802,10.993872470798493,0.8605404811600571
519,37500,awareness,8.472417485348717e-05,0.07595315972135527,0.00016478989288656962,10.993872470798493,0.8605404811600571
520,37500,knowledge,9.36699808589923e-05,0.06601305477307394,0.0007140895358418017,10.993872470798493,0.8605404811600571
521,37500,science,6.830492484270844e-05,0.04614255467617455,0.0016478989288656962,10.993872470798493,0.8605404811600571
522,37500,language,1.3112469780750516e-05,0.0067654848686956506,0.0012084592145015106,10.993872470798493,0.8605404811600571
523,37500,philosophy_of_logic,7.66654066104166e-06,0.007418281789521006,5.492996429552321e-05,10.993872470798493,0.8605404811600571
524,37500,county_(united_states),7.654472120056157e-06,0.01020547037820896,0.00873386432298819,10.993872470798493,0.8605404811600571
525,38000,philosophy,4.676696082663543e-05,0.07830667186955895,0.0013572940984852599,11.000252079657171,0.8614549402823019
526,38000,awareness,8.383980593140762e-05,0.0759896412872778,0.0001628752918182312,11.000252079657171,0.8614549402823019
527,38000,knowledge,9.273516660291363e-05,0.06606242944471954,0.0007057929312123351,11.000252079657171,0.8614549402823019
528,38000,science,6.779986134083915e-05,0.04625032710434557,0.0016287529181823119,11.000252079657171,0.8614549402823019
529,38000,language,1.2933347457444777e-05,0.006752027700895077,0.0011944188066670286,11.000252079657171,0.8614549402823019
530,38000,philosophy_of_logic,7.583751824978443e-06,0.007421681437918759,5.4291763939410394e-05,11.000252079657171,0.8614549402823019
531,38000,county_(united_states),7.583751824978443e-06,0.010207982699024558,0.008740973994245074,11.000252079657171,0.8614549402823019
532,38500,philosophy,4.623607555524804e-05,0.07825458865956601,0.0013960481099656358,11.003740881601097,0.8611543624161074
533,38500,awareness,8.290378006872853e-05,0.07594590740075746,0.00016108247422680412,11.003740881601097,0.8611543624161074
534,38500,knowledge,9.178601905025484e-05,0.06605791239769454,0.0006980240549828179,11.003740881601097,0.8611543624161074
535,38500,science,6.713427431444452e-05,0.04628864148821163,0.0016108247422680412,11.003740881601097,0.8611543624161074
536,38500,language,1.271074056135981e-05,0.006697229002266394,0.0011812714776632302,11.003740881601097,0.8611543624161074
537,38500,philosophy_of_logic,7.486911598514726e-06,0.007406593442148805,5.3694158075601374e-05,11.003740881601097,0.8611543624161074
538,38500,county_(united_states),7.599345003344173e-06,0.010311213275130801,0.008805841924398625,11.003740881601097,0.8611543624161074
539,39000,philosophy,4.570456703224455e-05,0.0782234038922324,0.0013807020338803037,11.002529458942563,0.8607158028887001
540,39000,awareness,8.195972611008069e-05,0.07593482697051612,0.00015931177314003505,11.002529458942563,0.8607158028887001
541,39000,knowledge,9.07521027146302e-05,0.06607829643184841,0.0006903510169401518,11.002529458942563,0.8607158028887001
542,39000,science,6.646732166319326e-05,0.04633751403438215,0.001646221655780362,11.002529458942563,0.8607158028887001
543,39000,language,1.2551272696231521e-05,0.006658218255015612,0.0011682863363602569,11.002529458942563,0.8607158028887001
544,39000,philosophy_of_logic,7.396537470729112e-06,0.007386761898214475,5.310392438001168e-05,11.002529458942563,0.8607158028887001
545,39000,county_(united_states),7.534711445592142e-06,0.010316526471128835,0.008815251447081939,11.002529458942563,0.8607158028887001
546,39500,philosophy,4.5177166995398444e-05,0.07815871015800592,0.0014179182858943388,11.006531160349143,0.8603161266607152
547,39500,awareness,8.102492635159331e-05,0.07589091381603989,0.00015754647621048207,11.006531160349143,0.8603161266607152
548,39500,knowledge,8.976142159279843e-05,0.06607285389168426,0.000682701396912089,11.006531160349143,0.8603161266607152
549,39500,science,6.580776071366092e-05,0.046335347021452214,0.0016804957462451422,11.006531160349143,0.8603161266607152
550,39500,language,1.2293969629195841e-05,0.006596989590189976,0.0011553408255435354,11.006531160349143,0.8603161266607152
551,39500,philosophy_of_logic,7.294201361422835e-06,0.007359512889355042,5.2515492070160695e-05,11.006531160349143,0.8603161266607152
552,39500,county_(united_states),7.418299305189953e-06,0.010272215325547469,0.008770087175716836,11.006531160349143,0.8603161266607152
553,40000,philosophy,4.469448266130912e-05,0.07811062049870895,0.001403910149750416,11.004354926510615,0.8596162845109967
554,40000,awareness,8.016187426751009e-05,0.0758192809214697,0.0001559900166389351,11.004354926510615,0.8596162845109967
555,40000,knowledge,8.872660455247425e-05,0.06594816245644133,0.0006759567387687189,11.004354926510615,0.8596162845109967
556,40000,science,6.494650114763061e-05,0.046185710764756145,0.0016638935108153079,11.004354926510615,0.8596162845109967
557,40000,language,1.2090111690138786e-05,0.006562770060235524,0.0011439267886855242,11.004354926510615,0.8596162845109967
558,40000,philosophy_of_logic,7.183234964378076e-06,0.007330761784959088,5.199667221297837e-05,11.004354926510615,0.8596162845109967
559,40000,county_(united_states),7.3454457652296695e-06,0.010308425599930095,0.008839434276206324,11.004354926510615,0.8596162845109967
560,40500,philosophy,4.4244133680879204e-05,0.07811312287688865,0.0014922301121745394,11.007539492580182,0.8598919475173655
561,40500,awareness,7.935667636987567e-05,0.07582160014001615,0.00015436863229391788,11.007539492580182,0.8598919475173655
562,40500,knowledge,8.785284206803505e-05,0.0659386838376382,0.0006689307399403108,11.007539492580182,0.8598919475173655
563,40500,science,6.41964879037926e-05,0.046147185253820264,0.0016465987444684574,11.007539492580182,0.8598919475173655
564,40500,language,1.1951290732780128e-05,0.006558310703037321,0.0011320366368220644,11.007539492580182,0.8598919475173655
565,40500,philosophy_of_logic,7.114115684311077e-06,0.007327407475874854,5.145621076463929e-05,11.007539492580182,0.8598919475173655
566,40500,county_(united_states),7.241200743055748e-06,0.01029225109823697,0.008850468251517958,11.007539492580182,0.8598919475173655
567,41000,philosophy,4.375826851865583e-05,0.07807625271003987,0.001476653597433678,11.006694709402217,0.8594195519348269
568,41000,awareness,7.850199149640833e-05,0.0758144063127736,0.00015275726870003564,11.006694709402217,0.8594195519348269
569,41000,knowledge,8.69228266752562e-05,0.0659517894282878,0.0006619481643668211,11.006694709402217,0.8594195519348269
570,41000,science,6.35166382532616e-05,0.046172242114094215,0.0016294108661337136,11.006694709402217,0.8594195519348269
571,41000,language,1.184828102442571e-05,0.0065494428596530475,0.0011202199704669282,11.006694709402217,0.8594195519348269
572,41000,philosophy_of_logic,7.028597342936127e-06,0.007307802815732118,5.091908956667855e-05,11.006694709402217,0.8594195519348269
573,41000,county_(united_states),7.207488238053277e-06,0.010321342975755115,0.008859921584602068,11.006694709402217,0.8594195519348269
574,41500,philosophy,4.330641417318764e-05,0.07809697670156711,0.001460809993955269,11.008260589372547,0.8597693043872463
575,41500,awareness,7.767904089009488e-05,0.07581192000257463,0.00015111827523675195,11.008260589372547,0.8597693043872463
576,41500,knowledge,8.594298458367774e-05,0.06591842548083199,0.0006548458593592585,11.008260589372547,0.8597693043872463
577,41500,science,6.29424781107491e-05,0.046196033913138534,0.001611928269192021,11.008260589372547,0.8597693043872463
578,41500,language,1.1648684524789339e-05,0.006499600805358147,0.0011082006850695145,11.008260589372547,0.8597693043872463
579,41500,philosophy_of_logic,6.949629037986931e-06,0.007302495303114333,5.0372758412250656e-05,11.008260589372547,0.8597693043872463
580,41500,county_(united_states),7.099328969801911e-06,0.010299621454079335,0.008865605480556116,11.008260589372547,0.8597693043872463
581,42000,philosophy,4.282505128716326e-05,0.07806773939379721,0.0014449427005480816,11.009564108509158,0.8595486024612625
582,42000,awareness,7.682989463140778e-05,0.07580392874871236,0.00014947683109118085,11.009564108509158,0.8595486024612625
583,42000,knowledge,8.495749406994309e-05,0.06588375521303708,0.0006477329347284504,11.009564108509158,0.8595486024612625
584,42000,science,6.216844005474636e-05,0.04613439710534666,0.0015944195316392625,11.009564108509158,0.8595486024612625
585,42000,language,1.1483895846873644e-05,0.006476883280942842,0.001096163428001993,11.009564108509158,0.8595486024612625
586,42000,philosophy_of_logic,6.834233736801371e-06,0.007253468771953859,4.982561036372695e-05,11.009564108509158,0.8595486024612625
587,42000,county_(united_states),6.968286995714293e-06,0.01023181074307863,0.00881913303437967,11.009564108509158,0.8595486024612625
588,42500,philosophy,4.240069631306215e-05,0.07805676336111989,0.0014802388118616472,11.009013664025721,0.859384251036116
589,42500,awareness,7.603983173557422e-05,0.07574291043221391,0.0001480238811861647,11.009013664025721,0.859384251036116
590,42500,knowledge,8.408810078368718e-05,0.06581677868477046,0.0006414368184733804,11.009013664025721,0.859384251036116
591,42500,science,6.155976388978599e-05,0.04611648024337676,0.0015789213993190902,11.009013664025721,0.859384251036116
592,42500,language,1.1312857309915588e-05,0.006445439269848563,0.0010855084620318746,11.009013664025721,0.859384251036116
593,42500,philosophy_of_logic,6.760448622688958e-06,0.007248049819695475,4.934129372872157e-05,11.009013664025721,0.859384251036116
594,42500,county_(united_states),6.8992118821391815e-06,0.010241798308372697,0.008832091577441161,11.009013664025721,0.859384251036116
595,43000,philosophy,4.1951236564572665e-05,0.07795599570530952,0.0014659890539483972,11.01240751280592,0.8585389689714146
596,43000,awareness,7.526580498331692e-05,0.07568213130429531,0.00014659890539483973,11.01240751280592,0.8585389689714146
597,43000,knowledge,8.322911387641555e-05,0.06576012412802625,0.0006352619233776388,11.01240751280592,0.8585389689714146
598,43000,science,6.0972441554804654e-05,0.04607921255230539,0.001563721657544957,11.01240751280592,0.8585389689714146
599,43000,language,1.1213103017088806e-05,0.006463194719283398,0.0010750586395621578,11.01240751280592,0.8585389689714146
600,43000,philosophy_of_logic,6.67389755808416e-06,0.007223747491761798,4.8866301798279905e-05,11.01240751280592,0.8585389689714146
601,43000,county_(united_states),6.810002087891243e-06,0.010208354461023092,0.008795934323690384,11.01240751280592,0.8585389689714146
602,43500,philosophy,4.1501741584336814e-05,0.07786279370912534,0.0014515192568221405,11.016187253243091,0.857806376699405
603,43500,awareness,7.448496336352943e-05,0.07562546202950869,0.00014515192568221406,11.016187253243091,0.857806376699405
604,43500,knowledge,8.235271413711823e-05,0.06571333070234825,0.0006289916779562609,11.016187253243091,0.857806376699405
605,43500,science,6.033658916669194e-05,0.046002785718372345,0.00154828720727695,11.016187253243091,0.857806376699405
606,43500,language,1.1042005474269093e-05,0.0064190115746260035,0.001064447455002903,11.016187253243091,0.857806376699405
607,43500,philosophy_of_logic,6.5896216684476355e-06,0.007196340208486586,4.8383975227404685e-05,11.016187253243091,0.857806376699405
608,43500,county_(united_states),6.802643185971165e-06,0.010280008375979975,0.008854267466615058,11.016187253243091,0.857806376699405
609,44000,philosophy,4.10948428336919e-05,0.07777475731689375,0.0014374700527072354,11.02726104686889,0.8576972833117723
610,44000,awareness,7.376179918456353e-05,0.0755375323351727,0.00014374700527072353,11.02726104686889,0.8576972833117723
611,44000,knowledge,8.155145291275998e-05,0.0656035973333058,0.0006229036895064686,11.02726104686889,0.8576972833117723
612,44000,science,5.978955262110828e-05,0.04600731386465019,0.0015333013895543843,11.02726104686889,0.8576972833117723
613,44000,language,1.0973930097488675e-05,0.006420837614476136,0.0010541447053186393,11.02726104686889,0.8576972833117723
614,44000,philosophy_of_logic,6.517779821500073e-06,0.007181326477606335,4.791566842357451e-05,11.02726104686889,0.8576972833117723
615,44000,county_(united_states),6.733585141408846e-06,0.010265907661744539,0.00881648298993771,11.02726104686889,0.8576972833117723
616,44500,philosophy,4.068329831676063e-05,0.07768944531217895,0.0014238253440911248,11.033549244311576,0.8572445541265246
617,44500,awareness,7.308443032244115e-05,0.07552188105179862,0.00014238253440911248,11.033549244311576,0.8572445541265246
618,44500,knowledge,8.083502436008778e-05,0.06559845734054175,0.0006169909824394874,11.033549244311576,0.8572445541265246
619,44500,science,5.926355121317069e-05,0.04596772186478464,0.0015187470336971997,11.033549244311576,0.8572445541265246
620,44500,language,1.0782357936127402e-05,0.006374881091656827,0.0010441385856668247,11.033549244311576,0.8572445541265246
621,44500,philosophy_of_logic,6.408148804738345e-06,0.007126295010225385,4.746084480303749e-05,11.033549244311576,0.8572445541265246
622,44500,county_(united_states),6.6671776667927944e-06,0.01027369723800802,0.008827717133364974,11.033549244311576,0.8572445541265246
623,45000,philosophy,4.0296943601719596e-05,0.07767097063780416,0.0014105035497672669,11.034611376227305,0.8571227080394922
624,45000,awareness,7.23642919741906e-05,0.07546465500322581,0.00014105035497672668,11.034611376227305,0.8571227080394922
625,45000,knowledge,8.002579534904303e-05,0.06556311014439713,0.0006112182048991489,11.034611376227305,0.8571227080394922
626,45000,science,5.860187996846891e-05,0.045870092450729004,0.0015045371197517513,11.034611376227305,0.8571227080394922
627,45000,language,1.0689852948870871e-05,0.0063828603749091885,0.001034369269829329,11.034611376227305,0.8571227080394922
628,45000,philosophy_of_logic,6.355113157155449e-06,0.007133069097689035,4.701678499224223e-05,11.034611376227305,0.8571227080394922
629,45000,county_(united_states),6.642474795565957e-06,0.01030364480435721,0.008839155578541539,11.034611376227305,0.8571227080394922
630,45500,philosophy,3.9938003879232516e-05,0.07763256467381151,0.0013982754602656722,11.037419775916458,0.8569164802386279
631,45500,awareness,7.174503421916846e-05,0.07545867087387213,0.00013982754602656722,11.037419775916458,0.8569164802386279
632,45500,knowledge,7.937420308638982e-05,0.06559684855717189,0.0006059193661151247,11.037419775916458,0.8569164802386279
633,45500,science,5.809420928704461e-05,0.04583606324097675,0.0014914938242833837,11.037419775916458,0.8569164802386279
634,45500,language,1.0581344405533944e-05,0.006363312645513722,0.0010254020041948263,11.037419775916458,0.8569164802386279
635,45500,philosophy_of_logic,6.280161502032157e-06,0.007103732647010292,4.660918200885574e-05,11.037419775916458,0.8569164802386279
636,45500,county_(united_states),6.58645786031183e-06,0.010297436814230485,0.008809135399673734,11.037419775916458,0.8569164802386279
637,46000,philosophy,3.9614376040617004e-05,0.07761595248819786,0.0013865779256794233,11.042704626334519,0.8571428571428571
638,46000,awareness,7.117343733067232e-05,0.07544377760109203,0.00013865779256794233,11.042704626334519,0.8571428571428571
639,46000,knowledge,7.872462737130759e-05,0.06556179293602107,0.0006008504344610834,11.042704626334519,0.8571428571428571
640,46000,science,5.7587703622485515e-05,0.04578686509226006,0.0014790164540580515,11.042704626334519,0.8571428571428571
641,46000,language,1.0509718528974692e-05,0.0063819104145561075,0.0010168238121649104,11.042704626334519,0.8571428571428571
642,46000,philosophy_of_logic,6.2310668595567434e-06,0.007113470020281864,4.621926418931411e-05,11.042704626334519,0.8571428571428571
643,46000,county_(united_states),6.553621229043568e-06,0.010314569382789017,0.008827879460158995,11.042704626334519,0.8571428571428571
644,46500,philosophy,3.924975895398475e-05,0.07758111195801955,0.001374192661811186,11.044633311952106,0.8569072920483694
645,46500,awareness,7.053710623157179e-05,0.07542812928169806,0.0001374192661811186,11.044633311952106,0.8569072920483694
646,46500,knowledge,7.801065310675721e-05,0.06552826610577236,0.0005954834867848473,11.044633311952106,0.8569072920483694
647,46500,science,5.700834984437482e-05,0.04570957946229606,0.0014658055059319317,11.044633311952106,0.8569072920483694
648,46500,language,1.0366871170772367e-05,0.00633999914356915,0.001007741285328203,11.044633311952106,0.8569072920483694
649,46500,philosophy_of_logic,6.153821725131624e-06,0.007085953128164018,4.5806422060372865e-05,11.044633311952106,0.8569072920483694
650,46500,county_(united_states),6.455952761073988e-06,0.010262845016574599,0.00879483303559159,11.044633311952106,0.8569072920483694
651,47000,philosophy,3.890356387194042e-05,0.07761308378444737,0.001362088535754824,11.039949136378086,0.8568963951693453
652,47000,awareness,6.990191037256248e-05,0.07544117866071791,0.0001362088535754824,11.039949136378086,0.8568963951693453
653,47000,knowledge,7.732889816626784e-05,0.0655689069800621,0.0005902383654937571,11.039949136378086,0.8568963951693453
654,47000,science,5.6593935574848955e-05,0.04582104338892547,0.0014982973893303065,11.039949136378086,0.8568963951693453
655,47000,language,1.03004879281559e-05,0.006365541338786029,0.0009988649262202044,11.039949136378086,0.8568963951693453
656,47000,philosophy_of_logic,6.120101792814662e-06,0.007121210859618915,4.540295119182747e-05,11.039949136378086,0.8568963951693453
657,47000,county_(united_states),6.435485953912891e-06,0.010333573583423607,0.008853575482406357,11.039949136378086,0.8568963951693453
658,47500,philosophy,3.854693634008293e-05,0.07760551573268108,0.0013500135001350013,11.0376634973998,0.8566350177743779
659,47500,awareness,6.928769283192989e-05,0.07547186236614764,0.00013500135001350013,11.0376634973998,0.8566350177743779
660,47500,knowledge,7.668685785539402e-05,0.06563575000022966,0.0005850058500585006,11.0376634973998,0.8566350177743779
661,47500,science,5.610527238782715e-05,0.04584479476872244,0.0014850148501485015,11.0376634973998,0.8566350177743779
662,47500,language,1.0189545264934717e-05,0.006348881222802375,0.000990009900099001,11.0376634973998,0.8566350177743779
663,47500,philosophy_of_logic,6.048523789022258e-06,0.007099958103205042,4.500045000450004e-05,11.0376634973998,0.8566350177743779
664,47500,county_(united_states),6.413014676877633e-06,0.010362804562625066,0.008865088650886508,11.0376634973998,0.8566350177743779
665,48000,philosophy,3.822831613675136e-05,0.07757018323055002,0.0013388075687254552,11.043079647861646,0.856664732919809
666,48000,awareness,6.871179368964015e-05,0.07543315808513278,0.00013388075687254553,11.043079647861646,0.856664732919809
667,48000,knowledge,7.601054231649958e-05,0.06556259933010664,0.0005801499464476973,11.043079647861646,0.856664732919809
668,48000,science,5.563179887894089e-05,0.04580225041329237,0.0014726883255980008,11.043079647861646,0.856664732919809
669,48000,language,1.0090793804173742e-05,0.006321892877979118,0.0009817922170653338,11.043079647861646,0.856664732919809
670,48000,philosophy_of_logic,6.004291162341392e-06,0.007096339425258779,4.4626918957515175e-05,11.043079647861646,0.856664732919809
671,48000,county_(united_states),6.3428415761384184e-06,0.010355522801446944,0.00888075687254552,11.043079647861646,0.856664732919809
672,48500,philosophy,3.788164998897221e-05,0.07748953098293405,0.0013716207247466926,11.048677139313765,0.8562074152729847
673,48500,awareness,6.808360833892122e-05,0.07534881442656063,0.0001327374894916154,11.048677139313765,0.8562074152729847
674,48500,knowledge,7.539331228490966e-05,0.06553658279245643,0.0005751957877970002,11.048677139313765,0.8562074152729847
675,48500,science,5.521038574952112e-05,0.04582185646140767,0.001504358214238308,11.048677139313765,0.8562074152729847
676,48500,language,1.0015116600877569e-05,0.00632473248838357,0.0009734082562718465,11.048677139313765,0.8562074152729847
677,48500,philosophy_of_logic,5.95699761854387e-06,0.0070930716380701786,4.424582983053847e-05,11.048677139313765,0.8562074152729847
678,48500,county_(united_states),6.28783317474956e-06,0.010326960385641112,0.008849165966107695,11.048677139313765,0.8562074152729847
679,49000,philosophy,3.7575262567210275e-05,0.07750013307199366,0.0013604845080312472,11.04751166008918,0.8562338175275376
680,49000,awareness,6.753339733056013e-05,0.075369842326055,0.00013165979109979812,11.04751166008918,0.8562338175275376
681,49000,knowledge,7.482696572328311e-05,0.06560203261405917,0.0005705257614324585,11.04751166008918,0.8562338175275376
682,49000,science,5.481828285240933e-05,0.04586175662323472,0.0014921442991310454,11.04751166008918,0.8562338175275376
683,49000,language,9.934044301469533e-06,0.006336139143532004,0.0009655051347318528,11.04751166008918,0.8562338175275376
684,49000,philosophy_of_logic,5.910737099885614e-06,0.0070899360928471915,4.388659703326604e-05,11.04751166008918,0.8562338175275376
685,49000,county_(united_states),6.186147789127596e-06,0.010243115583071833,0.008777319406653208,11.04751166008918,0.8562338175275376
686,49500,philosophy,3.7237785443543866e-05,0.07739508486577686,0.0013930608158112402,11.052160195409902,0.8554327006790876
687,49500,awareness,6.693136611096823e-05,0.07526662683737234,0.00013059945148230376,11.052160195409902,0.8554327006790876
688,49500,knowledge,7.415530698174631e-05,0.06549794807243992,0.0005659309564233163,11.052160195409902,0.8554327006790876
689,49500,science,5.43709568529627e-05,0.04580159716352986,0.0014801271167994426,11.052160195409902,0.8554327006790876
690,49500,language,9.801212535064065e-06,0.006290811678882804,0.0009577293108702276,11.052160195409902,0.8554327006790876
691,49500,philosophy_of_logic,5.850027667390326e-06,0.0070675661657504584,4.3533150494101256e-05,11.052160195409902,0.8554327006790876
692,49500,county_(united_states),6.086909254181318e-06,0.01016062129101366,0.00870663009882025,11.052160195409902,0.8554327006790876
