,iteration,node,betweeness_centrality,closeness_centrality,in_degree,avg_dist_from_phil,size_of_gcc
0,100,philosophy,0.0108695652173913,0.125,0.0219780219780219,7.913043478260869,1.0
1,100,awareness,0.0156473960821786,0.1013724266999376,0.0219780219780219,7.913043478260869,1.0
2,100,knowledge,0.0174390826564739,0.092742422412752,0.0329670329670329,7.913043478260869,1.0
3,100,science,0.0137362637362637,0.0606717226435536,0.0219780219780219,7.913043478260869,1.0
4,100,language,0.0074056378404204,0.0195360195360195,0.0109890109890109,7.913043478260869,1.0
5,100,philosophy_of_logic,0.0058528428093645,0.0353612867579348,0.0109890109890109,7.913043478260869,1.0
6,200,philosophy,0.0052820410603946,0.1043061727172581,0.0115606936416184,8.75625,0.9195402298850576
7,200,awareness,0.0087369609992691,0.0953812805691418,0.0115606936416184,8.75625,0.9195402298850576
8,200,knowledge,0.0090359444555179,0.0779048406797918,0.0231213872832369,8.75625,0.9195402298850576
9,200,science,0.0059464487409474,0.0559537572254335,0.0231213872832369,8.75625,0.9195402298850576
10,200,language,0.0020596638097136,0.0102761721258831,0.0057803468208092,8.75625,0.9195402298850576
11,200,philosophy_of_logic,0.0017606803534648,0.0193441309448864,0.0057803468208092,8.75625,0.9195402298850576
12,300,philosophy,0.003860294117647,0.1059273900968298,0.0078431372549019,9.292490118577074,0.98828125
13,300,awareness,0.0068780637254901,0.1037262137327255,0.0078431372549019,9.292490118577074,0.98828125
14,300,knowledge,0.0083486519607843,0.0951663035584604,0.0156862745098039,9.292490118577074,0.98828125
15,300,science,0.0042738970588235,0.0581638262781748,0.0235294117647058,9.292490118577074,0.98828125
16,300,language,0.0009497549019607,0.0069716775599128,0.0039215686274509,9.292490118577074,0.98828125
17,300,philosophy_of_logic,0.0008118872549019,0.0131236653077072,0.0039215686274509,9.292490118577074,0.98828125
18,400,philosophy,0.0027872183560806,0.0992736802850322,0.006006006006006,9.347266881028938,0.9311377245508982
19,400,awareness,0.0049360737983492,0.0965539415218216,0.006006006006006,9.347266881028938,0.9311377245508982
20,400,knowledge,0.0060329790868713,0.08979936039467,0.012012012012012,9.347266881028938,0.9311377245508982
21,400,science,0.0032277786768804,0.056500681203769,0.021021021021021,9.347266881028938,0.9311377245508982
22,400,language,0.0009350668033302,0.0103261155892734,0.006006006006006,9.347266881028938,0.9311377245508982
23,400,philosophy_of_logic,0.0006203808599018,0.0132498911124865,0.003003003003003,9.347266881028938,0.9311377245508982
24,500,philosophy,0.0022866873441586,0.0978902252411319,0.0049382716049382,9.458885941644562,0.9285714285714286
25,500,awareness,0.0040807638508787,0.0960480989366027,0.0049382716049382,9.458885941644562,0.9285714285714286
26,500,knowledge,0.0048105576841209,0.0866942407720749,0.0123456790123456,9.458885941644562,0.9285714285714286
27,500,science,0.0027184820288268,0.0585042735042735,0.019753086419753,9.458885941644562,0.9285714285714286
28,500,language,0.0007602019096271,0.0113266705859298,0.0074074074074074,9.458885941644562,0.9285714285714286
29,500,philosophy_of_logic,0.0004804476068843,0.0123132969034608,0.0024691358024691,9.458885941644562,0.9285714285714286
30,600,philosophy,0.0019274081774081,0.0971854142127993,0.0041666666666666,9.51793721973094,0.9272349272349272
31,600,awareness,0.0034086971586971,0.0947493374558303,0.0041666666666666,9.51793721973094,0.9272349272349272
32,600,knowledge,0.004088704088704,0.0868901579244218,0.0104166666666666,9.51793721973094,0.9272349272349272
33,600,science,0.002265246015246,0.0571563852813852,0.0166666666666666,9.51793721973094,0.9272349272349272
34,600,language,0.0007536382536382,0.0114285714285714,0.00625,9.51793721973094,0.9272349272349272
35,600,philosophy_of_logic,0.0004374566874566,0.0128919141914191,0.0020833333333333,9.51793721973094,0.9272349272349272
36,700,philosophy,0.0016456890103099,0.093195975955907,0.003610108303249,9.781065088757396,0.9135135135135136
37,700,awareness,0.0028978436920675,0.0899687511642213,0.003610108303249,9.781065088757396,0.9135135135135136
38,700,knowledge,0.0032751162715061,0.0799732341753118,0.0090252707581227,9.781065088757396,0.9135135135135136
39,700,science,0.0018440823494975,0.0526191812147326,0.0144404332129963,9.781065088757396,0.9135135135135136
40,700,language,0.0005659088691579,0.0099020113460546,0.0054151624548736,9.781065088757396,0.9135135135135136
41,700,philosophy_of_logic,0.0003870296289068,0.0130904031287605,0.0018050541516245,9.781065088757396,0.9135135135135136
42,800,philosophy,0.0014661720544073,0.0953558914489555,0.0031796502384737,9.670103092783505,0.923809523809524
43,800,awareness,0.0026017614252908,0.0930409018644312,0.0031796502384737,9.670103092783505,0.923809523809524
44,800,knowledge,0.0029954324071971,0.0847463150765066,0.0079491255961844,9.670103092783505,0.923809523809524
45,800,science,0.0018144194614782,0.0569157392686804,0.012718600953895,9.670103092783505,0.923809523809524
46,800,language,0.0004390945567416,0.0087213263683851,0.0047694753577106,9.670103092783505,0.923809523809524
47,800,philosophy_of_logic,0.0003255356196532,0.0126445120162995,0.0015898251192368,9.670103092783505,0.923809523809524
48,900,philosophy,0.0013168001755733,0.0952013879001299,0.0028530670470756,9.694915254237287,0.9245014245014244
49,900,awareness,0.0023673953773811,0.0942096200481222,0.0028530670470756,9.694915254237287,0.9245014245014244
50,900,knowledge,0.0026254719550011,0.0825817309023606,0.007132667617689,9.694915254237287,0.9245014245014244
51,900,science,0.0015992619416299,0.0546923271858565,0.0114122681883024,9.694915254237287,0.9245014245014244
52,900,language,0.0003535852323298,0.0078255553291216,0.0042796005706134,9.694915254237287,0.9245014245014244
53,900,philosophy_of_logic,0.0002621407756928,0.0113457889561375,0.0014265335235378,9.694915254237287,0.9245014245014244
54,1000,philosophy,0.0012000628445166,0.0944101535544912,0.0038809831824062,9.824756606397775,0.928940568475452
55,1000,awareness,0.0021310308172127,0.0914507935506263,0.0025873221216041,9.824756606397775,0.928940568475452
56,1000,knowledge,0.0023299270268192,0.0798967446203219,0.0064683053040103,9.824756606397775,0.928940568475452
57,1000,science,0.0013755595000518,0.0515807458066479,0.0103492884864165,9.824756606397775,0.928940568475452
58,1000,language,0.0003844212454579,0.0098126587130468,0.0051746442432082,9.824756606397775,0.928940568475452
59,1000,philosophy_of_logic,0.0002523809046267,0.0121280724450194,0.001293661060802,9.824756606397775,0.928940568475452
60,1100,philosophy,0.0011055432874695,0.0937201920003933,0.0035714285714285,9.907928388746804,0.929845422116528
61,1100,awareness,0.0019605345110695,0.0906177381141615,0.0023809523809523,9.907928388746804,0.929845422116528
62,1100,knowledge,0.0021134137364815,0.0774653143659993,0.0059523809523809,9.907928388746804,0.929845422116528
63,1100,science,0.0012669158031821,0.0506425923662878,0.0095238095238095,9.907928388746804,0.929845422116528
64,1100,language,0.0003453938055602,0.0091746031746031,0.0047619047619047,9.907928388746804,0.929845422116528
65,1100,philosophy_of_logic,0.0002363965800351,0.0122405828002842,0.0011904761904761,9.907928388746804,0.929845422116528
66,1200,philosophy,0.0010242744622258,0.0926517134530306,0.0032930845225027,10.070422535211268,0.9342105263157896
67,1200,awareness,0.0018258805630981,0.0899708899470883,0.0021953896816684,10.070422535211268,0.9342105263157896
68,1200,knowledge,0.0019703140947869,0.0758415468943457,0.0054884742041712,10.070422535211268,0.9342105263157896
69,1200,science,0.0011783368960271,0.0504262037375831,0.0087815587266739,10.070422535211268,0.9342105263157896
70,1200,language,0.0003021068037822,0.0088465538159339,0.0043907793633369,10.070422535211268,0.9342105263157896
71,1200,philosophy_of_logic,0.0002106322337127,0.0116528082051534,0.0010976948408342,10.070422535211268,0.9342105263157896
72,1300,philosophy,0.0009493849364256,0.0920135153735035,0.0030674846625766,10.09010989010989,0.9295199182839632
73,1300,awareness,0.0017034618606273,0.0900035338810849,0.0020449897750511,10.09010989010989,0.9295199182839632
74,1300,knowledge,0.0018319264889885,0.0758104383391126,0.0051124744376278,10.09010989010989,0.9295199182839632
75,1300,science,0.0010935159828797,0.0493645458774832,0.0081799591002045,10.09010989010989,0.9295199182839632
76,1300,language,0.0002694623911967,0.0085493766079556,0.0040899795501022,10.09010989010989,0.9295199182839632
77,1300,philosophy_of_logic,0.0001848637334954,0.0109822474465991,0.0010224948875255,10.09010989010989,0.9295199182839632
78,1400,philosophy,0.0008908137813483,0.0922496472129949,0.0028763183125599,10.071060762100927,0.9300766283524904
79,1400,awareness,0.0016043831711501,0.090726165020817,0.0019175455417066,10.071060762100927,0.9300766283524904
80,1400,knowledge,0.0017320358676526,0.0771525485533995,0.0047938638542665,10.071060762100927,0.9300766283524904
81,1400,science,0.0010533643373263,0.0510904088369492,0.0076701821668264,10.071060762100927,0.9300766283524904
82,1400,language,0.000256223757728,0.0086803177646897,0.0038350910834132,10.071060762100927,0.9300766283524904
83,1400,philosophy_of_logic,0.0001680607443162,0.0106002634384996,0.0009587727708533,10.071060762100927,0.9300766283524904
84,1500,philosophy,0.0008370631602202,0.0916652214356662,0.0027149321266968,10.08984375,0.9258589511754068
85,1500,awareness,0.0015080228780898,0.0901619584246123,0.0018099547511312,10.08984375,0.9258589511754068
86,1500,knowledge,0.0016438513087805,0.0772373339407933,0.004524886877828,10.08984375,0.9258589511754068
87,1500,science,0.0010432605369314,0.0519971205265322,0.0072398190045248,10.08984375,0.9258589511754068
88,1500,language,0.0002569284773305,0.0095739683010656,0.004524886877828,10.08984375,0.9258589511754068
89,1500,philosophy_of_logic,0.0001579210067668,0.0105706863031846,0.0009049773755656,10.08984375,0.9258589511754068
90,1600,philosophy,0.0007961083703434,0.0913754217794732,0.0025684931506849,10.175551470588236,0.93071000855432
91,1600,awareness,0.0014332880227802,0.089989838928195,0.0017123287671232,10.175551470588236,0.93071000855432
92,1600,knowledge,0.0015570620012421,0.077146213115521,0.0042808219178082,10.175551470588236,0.93071000855432
93,1600,science,0.0009455160129838,0.0496757403162873,0.0068493150684931,10.175551470588236,0.93071000855432
94,1600,language,0.000235097320037,0.0090298587328767,0.0042808219178082,10.175551470588236,0.93071000855432
95,1600,philosophy_of_logic,0.0001516048138556,0.0103451571129902,0.0008561643835616,10.175551470588236,0.93071000855432
96,1700,philosophy,0.0007484278451667,0.0907848209948371,0.0024232633279483,10.205395996518712,0.927360774818402
97,1700,awareness,0.0013358263543088,0.0886995415703815,0.0016155088852988,10.205395996518712,0.927360774818402
98,1700,knowledge,0.0014505679054842,0.0757381518313514,0.0040387722132471,10.205395996518712,0.927360774818402
99,1700,science,0.0008833795559241,0.0486971496285182,0.0064620355411954,10.205395996518712,0.927360774818402
100,1700,language,0.0002366544492992,0.0091346491536138,0.0040387722132471,10.205395996518712,0.927360774818402
101,1700,philosophy_of_logic,0.0001545099297077,0.0109943038704308,0.0008077544426494,10.205395996518712,0.927360774818402
102,1800,philosophy,0.0007123033684791,0.0910909496587943,0.0030651340996168,10.204115226337448,0.9303215926493108
103,1800,awareness,0.0012515181918994,0.0871555280978934,0.0015325670498084,10.204115226337448,0.9303215926493108
104,1800,knowledge,0.001354784578104,0.0744088984517046,0.0045977011494252,10.204115226337448,0.9303215926493108
105,1800,science,0.0008278913121285,0.048000805798651,0.0061302681992337,10.204115226337448,0.9303215926493108
106,1800,language,0.0002376300364366,0.0097633536173089,0.003831417624521,10.204115226337448,0.9303215926493108
107,1800,philosophy_of_logic,0.0001543128384761,0.0116167770060788,0.0007662835249042,10.204115226337448,0.9303215926493108
108,1900,philosophy,0.000675168473141,0.0906069434950629,0.0029175784099197,10.215578284815106,0.9263848396501456
109,1900,awareness,0.0011860636721084,0.0866840268299517,0.0014587892049598,10.215578284815106,0.9263848396501456
110,1900,knowledge,0.0012913261584721,0.0743574624339057,0.0043763676148796,10.215578284815106,0.9263848396501456
111,1900,science,0.0007713932712816,0.0469002876778123,0.0058351568198395,10.215578284815106,0.9263848396501456
112,1900,language,0.0002339166363638,0.0101219958553534,0.0036469730123997,10.215578284815106,0.9263848396501456
113,1900,philosophy_of_logic,0.0001472611551654,0.0116531802094194,0.0007293946024799,10.215578284815106,0.9263848396501456
114,2000,philosophy,0.0006448750241828,0.0902432728655827,0.0027758501040943,10.296793437733037,0.9299583911234396
115,2000,awareness,0.0011381562926808,0.0866987123498335,0.0013879250520471,10.296793437733037,0.9299583911234396
116,2000,knowledge,0.0012411437965428,0.0742333665794166,0.0041637751561415,10.296793437733037,0.9299583911234396
117,2000,science,0.0007464187779907,0.0466281173441129,0.0055517002081887,10.296793437733037,0.9299583911234396
118,2000,language,0.0002184875081932,0.0097012645276199,0.0034698126301179,10.296793437733037,0.9299583911234396
119,2000,philosophy_of_logic,0.0001361937551072,0.0112717883822508,0.0006939625260235,10.296793437733037,0.9299583911234396
120,2100,philosophy,0.0006155426953984,0.0896126900093882,0.0026560424966799,10.344062947067238,0.9276708692767088
121,2100,awareness,0.0010922908674966,0.0865384712952249,0.0013280212483399,10.344062947067238,0.9276708692767088
122,2100,knowledge,0.0011918704302453,0.0742997227721322,0.0039840637450199,10.344062947067238,0.9276708692767088
123,2100,science,0.0007433217803415,0.0479388623374796,0.0053120849933598,10.344062947067238,0.9276708692767088
124,2100,language,0.0002000403605661,0.0092825512511954,0.0033200531208499,10.344062947067238,0.9276708692767088
125,2100,philosophy_of_logic,0.0001246947622031,0.0107852902117022,0.0006640106241699,10.344062947067238,0.9276708692767088
126,2200,philosophy,0.0005871990604815,0.0892856870610153,0.0025445292620865,10.337921541637993,0.9237126509853782
127,2200,awareness,0.0010453922667663,0.0865774784783445,0.0012722646310432,10.337921541637993,0.9237126509853782
128,2200,knowledge,0.0011400235203149,0.074250889776813,0.0038167938931297,10.337921541637993,0.9237126509853782
129,2200,science,0.0007032638885518,0.0469695564180289,0.005089058524173,10.337921541637993,0.9237126509853782
130,2200,language,0.0001892625070973,0.0091754714119609,0.0031806615776081,10.337921541637993,0.9237126509853782
131,2200,philosophy_of_logic,0.0001160648280703,0.0104652210137584,0.0006361323155216,10.337921541637993,0.9237126509853782
132,2300,philosophy,0.0005677725551863,0.0896953821371669,0.0024494794856093,10.33641160949868,0.9277845777233782
133,2300,awareness,0.001011497113167,0.0870006483213229,0.0012247397428046,10.33641160949868,0.9277845777233782
134,2300,knowledge,0.0011070627907726,0.0747988901481684,0.0036742192284139,10.33641160949868,0.9277845777233782
135,2300,science,0.0006817018335868,0.0471319000798962,0.0048989589712186,10.33641160949868,0.9277845777233782
136,2300,language,0.0001753911259585,0.0088327256947964,0.0030618493570116,10.33641160949868,0.9277845777233782
137,2300,philosophy_of_logic,0.0001120554415846,0.0105799404786016,0.0006123698714023,10.33641160949868,0.9277845777233782
138,2400,philosophy,0.0005448015921548,0.0891166396605699,0.0029481132075471,10.367750159337158,0.924572775486152
139,2400,awareness,0.0009676482360658,0.0861671744503911,0.0011792452830188,10.367750159337158,0.924572775486152
140,2400,knowledge,0.0010649342346649,0.0744034397818346,0.0035377358490566,10.367750159337158,0.924572775486152
141,2400,science,0.0006653667404187,0.0473696693469203,0.0047169811320754,10.367750159337158,0.924572775486152
142,2400,language,0.0001723351975183,0.0086501525251384,0.0029481132075471,10.367750159337158,0.924572775486152
143,2400,philosophy_of_logic,0.0001087518484339,0.0104280934620447,0.0005896226415094,10.367750159337158,0.924572775486152
144,2500,philosophy,0.000524722138703,0.0885794961387287,0.0028376844494892,10.437155119558554,0.9251276233692568
145,2500,awareness,0.0009332328098773,0.0856897038376529,0.0011350737797956,10.437155119558554,0.9251276233692568
146,2500,knowledge,0.0010339923371252,0.0740735277295988,0.003405221339387,10.437155119558554,0.9251276233692568
147,2500,science,0.0006589608698927,0.0480842959854038,0.0045402951191827,10.437155119558554,0.9251276233692568
148,2500,language,0.0001709370893566,0.0089674017013353,0.0028376844494892,10.437155119558554,0.9251276233692568
149,2500,philosophy_of_logic,0.000103978681473,0.0103381052164736,0.0005675368898978,10.437155119558554,0.9251276233692568
150,2600,philosophy,0.0005061422756012,0.0882462377748888,0.0032912781130005,10.455463182897862,0.9232456140350878
151,2600,awareness,0.0008989062755627,0.0851265525762971,0.0010970927043335,10.455463182897862,0.9232456140350878
152,2600,knowledge,0.0009957439539606,0.0735633188892468,0.0032912781130005,10.455463182897862,0.9232456140350878
153,2600,science,0.0006336552434294,0.0476364125963873,0.004388370817334,10.455463182897862,0.9232456140350878
154,2600,language,0.0001702177825254,0.0094883693347763,0.0027427317608337,10.455463182897862,0.9232456140350878
155,2600,philosophy_of_logic,0.0001013487503729,0.0104821748433003,0.0005485463521667,10.455463182897862,0.9232456140350878
156,2700,philosophy,0.0004891550472418,0.0882797679420938,0.003183023872679,10.44425287356322,0.9225874867444328
157,2700,awareness,0.0008700152737889,0.0853102366780164,0.0010610079575596,10.44425287356322,0.9225874867444328
158,2700,knowledge,0.0009659335435471,0.0740259788007691,0.003183023872679,10.44425287356322,0.9225874867444328
159,2700,science,0.0006185462615784,0.0483064742320914,0.0047745358090185,10.44425287356322,0.9225874867444328
160,2700,language,0.0001631454441634,0.0092173352798854,0.0026525198938992,10.44425287356322,0.9225874867444328
161,2700,philosophy_of_logic,9.591826975817908e-05,0.0101938596986285,0.0005305039787798,10.44425287356322,0.9225874867444328
162,2800,philosophy,0.0004749559990596,0.0879907646818797,0.0030880082346886,10.487465181058496,0.9233539094650206
163,2800,awareness,0.0008448074654399,0.0849441000524818,0.0010293360782295,10.487465181058496,0.9233539094650206
164,2800,knowledge,0.000930585471959,0.0731330483547956,0.0030880082346886,10.487465181058496,0.9233539094650206
165,2800,science,0.0005970043354957,0.0476442212880168,0.0046320123520329,10.487465181058496,0.9233539094650206
166,2800,language,0.000164672592762,0.0098897997392178,0.0030880082346886,10.487465181058496,0.9233539094650206
167,2800,philosophy_of_logic,9.34556675964579e-05,0.0102853917287865,0.0005146680391147,10.487465181058496,0.9233539094650206
168,2900,philosophy,0.0004627530358259,0.0877540284827376,0.0030105368790767,10.509239130434782,0.9227683049147444
169,2900,awareness,0.0008240979838663,0.0848482720378901,0.0010035122930255,10.509239130434782,0.9227683049147444
170,2900,knowledge,0.0009116662581824,0.0733035439521679,0.0030105368790767,10.509239130434782,0.9227683049147444
171,2900,science,0.0005885695219124,0.0480019479116599,0.0045158053186151,10.509239130434782,0.9227683049147444
172,2900,language,0.0001565157086915,0.0096416863488711,0.0030105368790767,10.509239130434782,0.9227683049147444
173,2900,philosophy_of_logic,9.033623701007689e-05,0.0101494751833437,0.0005017561465127,10.509239130434782,0.9227683049147444
174,3000,philosophy,0.0004493862972039,0.0878312712124434,0.0029225523623964,10.503691983122362,0.9230769230769232
175,3000,awareness,0.000802255326354,0.0852301121015164,0.0009741841207988,10.503691983122362,0.9230769230769232
176,3000,knowledge,0.0008926068721243,0.0740201061510482,0.0029225523623964,10.503691983122362,0.9230769230769232
177,3000,science,0.0005850321874417,0.0489745640887442,0.0043838285435947,10.503691983122362,0.9230769230769232
178,3000,language,0.0001508230527819,0.009393918307703,0.0029225523623964,10.503691983122362,0.9230769230769232
179,3000,philosophy_of_logic,8.608296880476525e-05,0.0099054146435414,0.0004870920603994,10.503691983122362,0.9230769230769232
180,3100,philosophy,0.0004360631874829,0.0876581446338229,0.002840909090909,10.505906522855676,0.9214387127307146
181,3100,awareness,0.0007742026273143,0.0847190768292439,0.0009469696969696,10.505906522855676,0.9214387127307146
182,3100,knowledge,0.0008609222848456,0.0735384942418784,0.002840909090909,10.505906522855676,0.9214387127307146
183,3100,science,0.00056894369631,0.0487625098020947,0.0042613636363636,10.505906522855676,0.9214387127307146
184,3100,language,0.0001660446155831,0.0102961941904249,0.002840909090909,10.505906522855676,0.9214387127307146
185,3100,philosophy_of_logic,8.80641483457385e-05,0.0102591054367704,0.0004734848484848,10.505906522855676,0.9214387127307146
186,3200,philosophy,0.0004234706765129,0.0874428082586796,0.0027649769585253,10.508517034068136,0.9193919852602488
187,3200,awareness,0.0007516339175601,0.0845425261400719,0.0009216589861751,10.508517034068136,0.9193919852602488
188,3200,knowledge,0.0008384507128953,0.07354993296292,0.0027649769585253,10.508517034068136,0.9193919852602488
189,3200,science,0.0005533774705109,0.0485941776561333,0.004147465437788,10.508517034068136,0.9193919852602488
190,3200,language,0.0001617466944876,0.0103566767001411,0.0027649769585253,10.508517034068136,0.9193919852602488
191,3200,philosophy_of_logic,8.59677313221837e-05,0.0102416593877694,0.0004608294930875,10.508517034068136,0.9193919852602488
192,3300,philosophy,0.0004119135098,0.0873349036508348,0.0026881720430107,10.526777020447906,0.9198387819077474
193,3300,awareness,0.0007329371901118,0.0846039108840848,0.0008960573476702,10.526777020447906,0.9198387819077474
194,3300,knowledge,0.0008111867121878,0.0732019142786597,0.0026881720430107,10.526777020447906,0.9198387819077474
195,3300,science,0.0005343037879189,0.0482418992663107,0.0040322580645161,10.526777020447906,0.9198387819077474
196,3300,language,0.0001528875277484,0.0100689912362483,0.0026881720430107,10.526777020447906,0.9198387819077474
197,3300,philosophy_of_logic,8.20616782796983e-05,0.0101057784771396,0.0004480286738351,10.526777020447906,0.9198387819077474
198,3400,philosophy,0.0004005903436643,0.0872640242512583,0.0030514385353095,10.530331753554504,0.9193899782135077
199,3400,awareness,0.0007132369561212,0.084468246424772,0.000871839581517,10.530331753554504,0.9193899782135077
200,3400,knowledge,0.0007867449992687,0.0728471085925314,0.002615518744551,10.530331753554504,0.9193899782135077
201,3400,science,0.0005194948268952,0.048073708574738,0.0039232781168265,10.530331753554504,0.9193899782135077
202,3400,language,0.0001447367671276,0.0097968563379713,0.002615518744551,10.530331753554504,0.9193899782135077
203,3400,philosophy_of_logic,7.844656801013537e-05,0.0099562390961397,0.0004359197907585,10.530331753554504,0.9193899782135077
204,3500,philosophy,0.0003899349795166,0.08698333702413,0.0029761904761904,10.543307086614174,0.91755206119847
205,3500,awareness,0.0006947636683232,0.0842965835969424,0.0008503401360544,10.543307086614174,0.91755206119847
206,3500,knowledge,0.0007641496887747,0.0725779929340609,0.0025510204081632,10.543307086614174,0.91755206119847
207,3500,science,0.000510818437022,0.0485164990904786,0.0042517006802721,10.543307086614174,0.91755206119847
208,3500,language,0.000142747281658,0.0098039215686274,0.0025510204081632,10.543307086614174,0.91755206119847
209,3500,philosophy_of_logic,7.607165263045295e-05,0.0098528638991066,0.0004251700680272,10.543307086614174,0.91755206119847
210,3600,philosophy,0.0003798006389425,0.0869679624313171,0.0028985507246376,10.546233649075328,0.9176324503311258
211,3600,awareness,0.0006788765030918,0.0845849331631451,0.0008281573498964,10.546233649075328,0.9176324503311258
212,3600,knowledge,0.0007474325751031,0.0728626958875478,0.0024844720496894,10.546233649075328,0.9176324503311258
213,3600,science,0.0004989168140622,0.048731371184974,0.0041407867494824,10.546233649075328,0.9176324503311258
214,3600,language,0.0001353982422223,0.0095481670929241,0.0024844720496894,10.546233649075328,0.9176324503311258
215,3600,philosophy_of_logic,7.215526579189118e-05,0.009595832666956,0.0004140786749482,10.546233649075328,0.9176324503311258
216,3700,philosophy,0.000369718538953,0.0871724189735521,0.0028237192416296,10.51363236587511,0.9169354838709678
217,3700,awareness,0.0006611992348631,0.0849232980891011,0.0008067769261799,10.51363236587511,0.9169354838709678
218,3700,knowledge,0.0007322801858189,0.0736170039705085,0.0028237192416296,10.51363236587511,0.9169354838709678
219,3700,science,0.0004936628973701,0.0497045869412003,0.0044372730939895,10.51363236587511,0.9169354838709678
220,3700,language,0.0001284987442907,0.0093016633841919,0.0024203307785397,10.51363236587511,0.9169354838709678
221,3700,philosophy_of_logic,7.010501112571406e-05,0.0095525777184084,0.0004033884630899,10.51363236587511,0.9169354838709678
222,3800,philosophy,0.0003618372379011,0.0874911953209087,0.0031545741324921,10.487762988407042,0.9180134016554986
223,3800,awareness,0.0006445614371031,0.084777384569543,0.000788643533123,10.487762988407042,0.9180134016554986
224,3800,knowledge,0.0007165247709296,0.0737238898931384,0.0027602523659305,10.487762988407042,0.9180134016554986
225,3800,science,0.0004804290817665,0.0495382512062389,0.0043375394321766,10.487762988407042,0.9180134016554986
226,3800,language,0.0001271404040391,0.0095431541202369,0.0027602523659305,10.487762988407042,0.9180134016554986
227,3800,philosophy_of_logic,6.978733669141501e-05,0.0098484265599753,0.0003943217665615,10.487762988407042,0.9180134016554986
228,3900,philosophy,0.0003529707508946,0.0872322910351331,0.003076923076923,10.520100502512562,0.9181084198385236
229,3900,awareness,0.0006306745926123,0.0847631515151515,0.0007692307692307,10.520100502512562,0.9181084198385236
230,3900,knowledge,0.0006954425812557,0.0734099375168166,0.0026923076923076,10.520100502512562,0.9181084198385236
231,3900,science,0.0004689024931239,0.0494781346627121,0.0042307692307692,10.520100502512562,0.9181084198385236
232,3900,language,0.0001209593943157,0.0093082457111234,0.0026923076923076,10.520100502512562,0.9181084198385236
233,3900,philosophy_of_logic,6.639458196551623e-05,0.0096060037523452,0.0003846153846153,10.520100502512562,0.9181084198385236
234,4000,philosophy,0.0003450241644544,0.0868683360034445,0.0030131826741996,10.544782251437962,0.9164156626506024
235,4000,awareness,0.0006153143648038,0.0842668209941224,0.0007532956685499,10.544782251437962,0.9164156626506024
236,4000,knowledge,0.0006762927415878,0.0726957671889121,0.0026365348399246,10.544782251437962,0.9164156626506024
237,4000,science,0.0004570542055226,0.0490607462926686,0.0041431261770244,10.544782251437962,0.9164156626506024
238,4000,language,0.000118978739818,0.0094068959103485,0.0026365348399246,10.544782251437962,0.9164156626506024
239,4000,philosophy_of_logic,6.6225353390965e-05,0.0097185524120498,0.0003766478342749,10.544782251437962,0.9164156626506024
240,4100,philosophy,0.0003378112650767,0.0869433952641058,0.0029465930018416,10.548555377207062,0.9175257731958762
241,4100,awareness,0.0006041546310384,0.0846053531785846,0.0007366482504604,10.548555377207062,0.9175257731958762
242,4100,knowledge,0.0006630105479567,0.0729893211858711,0.0025782688766114,10.548555377207062,0.9175257731958762
243,4100,science,0.0004528108446773,0.0496684868647962,0.0044198895027624,10.548555377207062,0.9175257731958762
244,4100,language,0.0001137790651944,0.0091990087079098,0.0025782688766114,10.548555377207062,0.9175257731958762
245,4100,philosophy_of_logic,6.333113640740228e-05,0.0095037777731095,0.0003683241252302,10.548555377207062,0.9175257731958762
246,4200,philosophy,0.000329962567163,0.0869175578889331,0.0028776978417266,10.553291536050155,0.9176555195972672
247,4200,awareness,0.0005909835238605,0.0846908409996288,0.0007194244604316,10.553291536050155,0.9176555195972672
248,4200,knowledge,0.0006521643526602,0.0734997320322269,0.0025179856115107,10.553291536050155,0.9176555195972672
249,4200,science,0.0004443047503744,0.0501243979262926,0.0046762589928057,10.553291536050155,0.9176555195972672
250,4200,language,0.0001085215969619,0.0089839239719335,0.0025179856115107,10.553291536050155,0.9176555195972672
251,4200,philosophy_of_logic,6.118082879974337e-05,0.0094368970203018,0.0003597122302158,10.553291536050155,0.9176555195972672
252,4300,philosophy,0.0003221820020352,0.087088588146468,0.0031656700668308,10.51726784343822,0.9163150492264416
253,4300,awareness,0.000575227827818,0.084412012603341,0.0007034822370735,10.51726784343822,0.9163150492264416
254,4300,knowledge,0.000634346060821,0.0731451478696371,0.0024621878297572,10.51726784343822,0.9163150492264416
255,4300,science,0.000434729265702,0.050157528749924,0.0045726345409778,10.51726784343822,0.9163150492264416
256,4300,language,0.0001072290962627,0.0092226887042332,0.002813928948294,10.51726784343822,0.9163150492264416
257,4300,philosophy_of_logic,5.9489267938178656e-05,0.0094102593719076,0.0003517411185367,10.51726784343822,0.9163150492264416
258,4400,philosophy,0.0003145996026609,0.0869051249934608,0.003099173553719,10.512241054613936,0.9139414802065404
259,4400,awareness,0.0005610399093422,0.0841336766278837,0.0006887052341597,10.512241054613936,0.9139414802065404
260,4400,knowledge,0.0006175824905288,0.0728313639331318,0.0024104683195592,10.512241054613936,0.9139414802065404
261,4400,science,0.000425195469007,0.0502183089252695,0.0044765840220385,10.512241054613936,0.9139414802065404
262,4400,language,0.0001044318952314,0.0092767407618504,0.003099173553719,10.512241054613936,0.9139414802065404
263,4400,philosophy_of_logic,5.89133393076438e-05,0.0095444179183783,0.0003443526170798,10.512241054613936,0.9139414802065404
264,4500,philosophy,0.000308629297991,0.0869584516623423,0.0030405405405405,10.505173688100518,0.9138804457953394
265,4500,awareness,0.0005509689020327,0.0843204927559048,0.0006756756756756,10.505173688100518,0.9138804457953394
266,4500,knowledge,0.0006101846527378,0.073379764853773,0.0023648648648648,10.505173688100518,0.9138804457953394
267,4500,science,0.0004206714313097,0.0503988577920164,0.0043918918918918,10.505173688100518,0.9138804457953394
268,4500,language,0.0001021157936051,0.009251250401505,0.0030405405405405,10.505173688100518,0.9138804457953394
269,4500,philosophy_of_logic,5.739021696468505e-05,0.0094638157499429,0.0003378378378378,10.505173688100518,0.9138804457953394
270,4600,philosophy,0.0003024936621686,0.0866873272365616,0.0029870560902754,10.513464337700146,0.9117451891174518
271,4600,awareness,0.0005407886330215,0.0841787734082047,0.0006637902422834,10.513464337700146,0.9117451891174518
272,4600,knowledge,0.0005965082518993,0.0730228661573304,0.002323265847992,10.513464337700146,0.9117451891174518
273,4600,science,0.0004148138425152,0.0504353567468149,0.0043146365748423,10.513464337700146,0.9117451891174518
274,4600,language,9.855545236291928e-05,0.0090885168232509,0.0029870560902754,10.513464337700146,0.9117451891174518
275,4600,philosophy_of_logic,5.560950105393769e-05,0.0093424945802232,0.0003318951211417,10.513464337700146,0.9117451891174518
276,4700,philosophy,0.0002962269537871,0.0864356255413197,0.002932551319648,10.517550143266476,0.9094462540716612
277,4700,awareness,0.0005303640587868,0.0840666867187141,0.0006516780710329,10.517550143266476,0.9094462540716612
278,4700,knowledge,0.000585767308474,0.0730356493128873,0.0022808732486151,10.517550143266476,0.9094462540716612
279,4700,science,0.0004100052749837,0.0508512578932144,0.0042359074617139,10.517550143266476,0.9094462540716612
280,4700,language,9.499216181994368e-05,0.0089226787841169,0.002932551319648,10.517550143266476,0.9094462540716612
281,4700,philosophy_of_logic,5.381120228235916e-05,0.0092163635989274,0.0003258390355164,10.517550143266476,0.9094462540716612
282,4800,philosophy,0.0002886241086712,0.0860470579357867,0.002868068833652,10.525316455696204,0.9060210258043964
283,4800,awareness,0.0005164371582169,0.0836371215225182,0.0006373486297004,10.525316455696204,0.9060210258043964
284,4800,knowledge,0.0005666900367932,0.0721616480989548,0.0022307202039515,10.525316455696204,0.9060210258043964
285,4800,science,0.000397454585103,0.0502318528947265,0.0041427660930529,10.525316455696204,0.9060210258043964
286,4800,language,9.512514591100956e-05,0.0091510226548467,0.002868068833652,10.525316455696204,0.9060210258043964
287,4800,philosophy_of_logic,5.2892423713592297e-05,0.0092615579036436,0.0003186743148502,10.525316455696204,0.9060210258043964
288,4900,philosophy,0.0002836027803811,0.0862335789843699,0.0028125,10.5237439779766,0.9078412995938768
289,4900,awareness,0.000508337238363,0.0840262634429937,0.000625,10.5237439779766,0.9078412995938768
290,4900,knowledge,0.0005563691034051,0.0723555577849117,0.0021875,10.5237439779766,0.9078412995938768
291,4900,science,0.0003896243361449,0.0500044772215067,0.0040625,10.5237439779766,0.9078412995938768
292,4900,language,9.147532021243362e-05,0.008973721590909,0.0028125,10.5237439779766,0.9078412995938768
293,4900,philosophy_of_logic,5.125351452671041e-05,0.0091165533361665,0.0003125,10.5237439779766,0.9078412995938768
294,5000,philosophy,0.0002783406046171,0.0861576273631479,0.002760736196319,10.531418918918918,0.9076970254523152
295,5000,awareness,0.0004990188940499,0.0839322231960268,0.0006134969325153,10.531418918918918,0.9076970254523152
296,5000,knowledge,0.0005462399090948,0.07227583387286,0.0021472392638036,10.531418918918918,0.9076970254523152
297,5000,science,0.0003825654744771,0.0500383920330714,0.0039877300613496,10.531418918918918,0.9076970254523152
298,5000,language,8.81396236993056e-05,0.008808561070831,0.002760736196319,10.531418918918918,0.9076970254523152
299,5000,philosophy_of_logic,5.032518535659392e-05,0.009168885287649,0.0003067484662576,10.531418918918918,0.9076970254523152
300,5100,philosophy,0.0002727478031982,0.0858923823420379,0.002714113389626,10.529490169943353,0.9047331926439554
301,5100,awareness,0.0004892186430033,0.0837270199928937,0.0006031363088057,10.529490169943353,0.9047331926439554
302,5100,knowledge,0.0005353130217438,0.0721081882450647,0.0021109770808202,10.529490169943353,0.9047331926439554
303,5100,science,0.0003766647162168,0.0500848598760063,0.0039203860072376,10.529490169943353,0.9047331926439554
304,5100,language,8.518823053226187e-05,0.0086598037065467,0.002714113389626,10.529490169943353,0.9047331926439554
305,5100,philosophy_of_logic,4.91855205100893e-05,0.0091183402969602,0.0003015681544028,10.529490169943353,0.9047331926439554
306,5200,philosophy,0.0002682772642023,0.0860547976461558,0.0026635099141757,10.533768352365415,0.9068047337278108
307,5200,awareness,0.0004790290184239,0.0835688664391829,0.000591891092039,10.533768352365415,0.9068047337278108
308,5200,knowledge,0.0005236835238884,0.071975888447302,0.0020716188221367,10.533768352365415,0.9068047337278108
309,5200,science,0.0003715079738937,0.0503824871981131,0.0038472920982539,10.533768352365415,0.9068047337278108
310,5200,language,8.81707588288962e-05,0.0090190618041034,0.0029594554601953,10.533768352365415,0.9068047337278108
311,5200,philosophy_of_logic,5.069599738026901e-05,0.0094812688719207,0.0002959455460195,10.533768352365415,0.9068047337278108
312,5300,philosophy,0.0002635106850585,0.0860177699428458,0.002615518744551,10.54099935938501,0.9070307960488088
313,5300,awareness,0.0004713810172002,0.0837105378248337,0.000581226387678,10.54099935938501,0.9070307960488088
314,5300,knowledge,0.0005151165298116,0.0720102035198345,0.002034292356873,10.54099935938501,0.9070307960488088
315,5300,science,0.0003663482417395,0.0504486300930241,0.003777971519907,10.54099935938501,0.9070307960488088
316,5300,language,8.561353240928132e-05,0.0088750444586826,0.00290613193839,10.54099935938501,0.9070307960488088
317,5300,philosophy_of_logic,4.905469657770458e-05,0.0093284616800992,0.000290613193839,10.54099935938501,0.9070307960488088
318,5400,philosophy,0.000259109642143,0.0860628270910348,0.0025714285714285,10.537153652392949,0.9071693801770924
319,5400,awareness,0.0004628065450687,0.0836344101686273,0.0005714285714285,10.537153652392949,0.9071693801770924
320,5400,knowledge,0.0005074468519198,0.0721585975645626,0.002,10.537153652392949,0.9071693801770924
321,5400,science,0.0003612845309503,0.0505856129685916,0.0037142857142857,10.537153652392949,0.9071693801770924
322,5400,language,8.446566287183254e-05,0.0087574468085106,0.0028571428571428,10.537153652392949,0.9071693801770924
323,5400,philosophy_of_logic,4.839433631207411e-05,0.0093442115928118,0.0002857142857142,10.537153652392949,0.9071693801770924
324,5500,philosophy,0.0002547247057421,0.0860205779750109,0.0025273799494524,10.544554455445544,0.9073554183043234
325,5500,awareness,0.00045449951365,0.0835591291477613,0.0005616399887672,10.544554455445544,0.9073554183043234
326,5500,knowledge,0.0004961258351083,0.0719459549453736,0.0019657399606852,10.544554455445544,0.9073554183043234
327,5500,science,0.0003531141928254,0.0503770551557826,0.0036506599269868,10.544554455445544,0.9073554183043234
328,5500,language,8.601196346785731e-05,0.0088889332873069,0.002808199943836,10.544554455445544,0.9073554183043234
329,5500,philosophy_of_logic,4.816985305120148e-05,0.0093968633012713,0.0002808199943836,10.544554455445544,0.9073554183043234
330,5600,philosophy,0.0002503090613104,0.0857896548467721,0.0024896265560165,10.547204399633364,0.9051438053097344
331,5600,awareness,0.0004468383945947,0.0833551340873461,0.0005532503457814,10.547204399633364,0.9051438053097344
332,5600,knowledge,0.0004885310713717,0.0719881045293735,0.0019363762102351,10.547204399633364,0.9051438053097344
333,5600,science,0.0003475409735737,0.0504038844904051,0.0035961272475795,10.547204399633364,0.9051438053097344
334,5600,language,8.346185387826045e-05,0.0087561525411065,0.0027662517289073,10.547204399633364,0.9051438053097344
335,5600,philosophy_of_logic,4.720070013096856e-05,0.0093787599718036,0.0002766251728907,10.547204399633364,0.9051438053097344
336,5700,philosophy,0.0002461267423182,0.0856513775398836,0.0024489795918367,10.560132291040288,0.9047878128400436
337,5700,awareness,0.0004381426128666,0.0829243058470821,0.0005442176870748,10.560132291040288,0.9047878128400436
338,5700,knowledge,0.0004784851916827,0.0715261319529795,0.0019047619047619,10.560132291040288,0.9047878128400436
339,5700,science,0.0003401360544217,0.0500576958868416,0.0035374149659863,10.560132291040288,0.9047878128400436
340,5700,language,8.490447321474835e-05,0.0091283584140727,0.0029931972789115,10.560132291040288,0.9047878128400436
341,5700,philosophy_of_logic,4.7744886855721614e-05,0.0096886446886446,0.0002721088435374,10.560132291040288,0.9047878128400436
342,5800,philosophy,0.0002428477873804,0.085737732107862,0.0024141630901287,10.559076103050044,0.9056047197640118
343,5800,awareness,0.000432968255996,0.0831479953486027,0.0005364806866952,10.559076103050044,0.9056047197640118
344,5800,knowledge,0.0004718843261894,0.0715736351420881,0.0018776824034334,10.559076103050044,0.9056047197640118
345,5800,science,0.0003339876412344,0.0499300326474731,0.0034871244635193,10.559076103050044,0.9056047197640118
346,5800,language,8.2507823496847e-05,0.0089985829323275,0.002950643776824,10.559076103050044,0.9056047197640118
347,5800,philosophy_of_logic,4.654103034216217e-05,0.0095905574986689,0.0002682403433476,10.559076103050044,0.9056047197640118
348,5900,philosophy,0.0002392350855001,0.0856823985159818,0.0023803226659613,10.556691992986558,0.9048122686409308
349,5900,awareness,0.0004265111916005,0.0831039981829472,0.0005289605924358,10.556691992986558,0.9048122686409308
350,5900,knowledge,0.0004658825313072,0.0717174520979617,0.0018513620735255,10.556691992986558,0.9048122686409308
351,5900,science,0.0003322437565656,0.0503097797329395,0.0034382438508331,10.556691992986558,0.9048122686409308
352,5900,language,8.021123737756946e-05,0.0088724456947149,0.0029092832583972,10.556691992986558,0.9048122686409308
353,5900,philosophy_of_logic,4.594488487974118e-05,0.009603053725383,0.0002644802962179,10.556691992986558,0.9048122686409308
354,6000,philosophy,0.0002359578257148,0.0857869922148724,0.0023461939520333,10.550662061024756,0.90539483971853
355,6000,awareness,0.0004211639970073,0.0833338134700707,0.0005213764337851,10.550662061024756,0.90539483971853
356,6000,knowledge,0.0004597542777462,0.0719187337296156,0.0020855057351407,10.550662061024756,0.90539483971853
357,6000,science,0.0003271341580239,0.0503967851564143,0.0033889468196037,10.550662061024756,0.90539483971853
358,6000,language,7.792790846385408e-05,0.0087452338820951,0.0028675703858185,10.550662061024756,0.90539483971853
359,6000,philosophy_of_logic,4.490875980349394e-05,0.0095201028905445,0.0002606882168925,10.550662061024756,0.90539483971853
360,6100,philosophy,0.0002324764144567,0.0858135141260607,0.0023112480739599,10.548908420754184,0.9055198973042362
361,6100,awareness,0.0004143829452243,0.0832941632837834,0.0005136106831022,10.548908420754184,0.9055198973042362
362,6100,knowledge,0.0004513048942021,0.0717394994191718,0.0020544427324088,10.548908420754184,0.9055198973042362
363,6100,science,0.0003214187522622,0.0502541732646432,0.0033384694401643,10.548908420754184,0.9055198973042362
364,6100,language,7.562406335278989e-05,0.0086149761612011,0.0028248587570621,10.548908420754184,0.9055198973042362
365,6100,philosophy_of_logic,4.4635999032117485e-05,0.0095658524421794,0.0002568053415511,10.548908420754184,0.9055198973042362
366,6200,philosophy,0.0002293837424834,0.0857218236002624,0.0022819472616632,10.553501400560224,0.9049429657794676
367,6200,awareness,0.0004092144265599,0.0832847864526927,0.0005070993914807,10.553501400560224,0.9049429657794676
368,6200,knowledge,0.000446106067968,0.0717601974379932,0.0020283975659229,10.553501400560224,0.9049429657794676
369,6200,science,0.0003176923057147,0.0501647859236734,0.0032961460446247,10.553501400560224,0.9049429657794676
370,6200,language,7.41689097298812e-05,0.0085136986474817,0.002789046653144,10.553501400560224,0.9049429657794676
371,6200,philosophy_of_logic,4.376865470194896e-05,0.0094947667079968,0.0002535496957403,10.553501400560224,0.9049429657794676
372,6300,philosophy,0.0002260082360207,0.0855134263584631,0.002252816020025,10.558326406206705,0.9031531531531533
373,6300,awareness,0.0004035950844461,0.0831611517086251,0.0005006257822277,10.558326406206705,0.9031531531531533
374,6300,knowledge,0.0004400520670858,0.0716411625875565,0.0020025031289111,10.558326406206705,0.9031531531531533
375,6300,science,0.000311888860074,0.0499057214974012,0.0032540675844806,10.558326406206705,0.9031531531531533
376,6300,language,7.272604268849576e-05,0.0084972175318899,0.0030037546933667,10.558326406206705,0.9031531531531533
377,6300,philosophy_of_logic,4.278370986756469e-05,0.0094104860302665,0.0002503128911138,10.558326406206705,0.9031531531531533
378,6400,philosophy,0.0002231072448141,0.0853912578372092,0.0022238695329873,10.573577680525164,0.9031620553359684
379,6400,awareness,0.0003982967913576,0.0830942137488329,0.0004941932295527,10.573577680525164,0.9031620553359684
380,6400,knowledge,0.0004352269919356,0.0717015316751378,0.001976772918211,10.573577680525164,0.9031620553359684
381,6400,science,0.0003102747265089,0.0501373921213762,0.0032122559920929,10.573577680525164,0.9031620553359684
382,6400,language,7.129665169436982e-05,0.008426973164329,0.0029651593773165,10.573577680525164,0.9031620553359684
383,6400,philosophy_of_logic,4.242394942430396e-05,0.0093444272263218,0.0002470966147763,10.573577680525164,0.9031620553359684
384,6500,philosophy,0.0002199445400561,0.0853579538425453,0.0021919142717973,10.57978436657682,0.9033357682006332
385,6500,awareness,0.0003923895986928,0.0829574514790292,0.0004870920603994,10.57978436657682,0.9033357682006332
386,6500,knowledge,0.000428503436626,0.0714781033788489,0.0019483682415976,10.57978436657682,0.9033357682006332
387,6500,science,0.0003049810648446,0.0498573386705321,0.0031660983925962,10.57978436657682,0.9033357682006332
388,6500,language,7.092307088357693e-05,0.0085005800395791,0.0029225523623964,10.57978436657682,0.9033357682006332
389,6500,philosophy_of_logic,4.1806659676355966e-05,0.0093396246752908,0.0002435460301997,10.57978436657682,0.9033357682006332
390,6600,philosophy,0.0002167789442311,0.0852773723859642,0.002162421912542,10.579717859994677,0.9024741772760028
391,6600,awareness,0.0003870970125021,0.0829291610152322,0.0004805382027871,10.579717859994677,0.9024741772760028
392,6600,knowledge,0.0004227651135498,0.071535445737301,0.0019221528111484,10.579717859994677,0.9024741772760028
393,6600,science,0.0003032942896524,0.0502506954337444,0.0031234983181162,10.579717859994677,0.9024741772760028
394,6600,language,6.90275871406915e-05,0.0083862041428428,0.0028832292167227,10.579717859994677,0.9024741772760028
395,6600,philosophy_of_logic,4.068933857373537e-05,0.009213959374518,0.0002402691013935,10.579717859994677,0.9024741772760028
396,6700,philosophy,0.0002136805979591,0.0851151201913357,0.0023719165085388,10.583947368421052,0.9011145364002846
397,6700,awareness,0.0003812952812754,0.0826473590369774,0.0004743833017077,10.583947368421052,0.9011145364002846
398,6700,knowledge,0.0004167306002315,0.0712657623900108,0.0018975332068311,10.583947368421052,0.9011145364002846
399,6700,science,0.0002996253080622,0.0502270473557695,0.0030834914611005,10.583947368421052,0.9011145364002846
400,6700,language,6.845203677713636e-05,0.0083911452936241,0.0028462998102466,10.583947368421052,0.9011145364002846
401,6700,philosophy_of_logic,3.99912885361906e-05,0.0091581120707296,0.0002371916508538,10.583947368421052,0.9011145364002846
402,6800,philosophy,0.0002105700362173,0.0850663849529504,0.0023386342376052,10.584371754932503,0.900631283610007
403,6800,awareness,0.0003758109215585,0.0825760866074119,0.000467726847521,10.584371754932503,0.900631283610007
404,6800,knowledge,0.0004108603615002,0.0712639681567488,0.0018709073900841,10.584371754932503,0.900631283610007
405,6800,science,0.0002963071997564,0.0503517976036345,0.0032740879326473,10.584371754932503,0.900631283610007
406,6800,language,6.654472450702771e-05,0.0082734023755658,0.0028063610851262,10.584371754932503,0.900631283610007
407,6800,philosophy_of_logic,3.887699188537116e-05,0.009029607224087,0.0002338634237605,10.584371754932503,0.900631283610007
408,6900,philosophy,0.0002069854178348,0.0847983786983622,0.0023052097740894,10.588401334359764,0.8981332104171468
409,6900,awareness,0.0003690779511546,0.0822433021273606,0.0004610419548178,10.588401334359764,0.8981332104171468
410,6900,knowledge,0.0004027077687853,0.0708652759707936,0.0018441678192715,10.588401334359764,0.8981332104171468
411,6900,science,0.0002910865257486,0.0502014205835143,0.0034578146611341,10.588401334359764,0.8981332104171468
412,6900,language,6.61439541078902e-05,0.0082537048014226,0.0027662517289073,10.588401334359764,0.8981332104171468
413,6900,philosophy_of_logic,3.862381898508929e-05,0.0090971903780171,0.0002305209774089,10.588401334359764,0.8981332104171468
414,7000,philosophy,0.0002043528346398,0.0848310882966676,0.0022773855613755,10.577371892440386,0.8975409836065574
415,7000,awareness,0.0003639564948837,0.0822118293865182,0.0004554771122751,10.577371892440386,0.8975409836065574
416,7000,knowledge,0.0003972461472153,0.0709166504629666,0.0018219084491004,10.577371892440386,0.8975409836065574
417,7000,science,0.0002880436428379,0.0504366420158027,0.0034160783420633,10.577371892440386,0.8975409836065574
418,7000,language,6.600892121200054e-05,0.0083549191910665,0.0027328626736506,10.577371892440386,0.8975409836065574
419,7000,philosophy_of_logic,3.863051555611972e-05,0.0091988827648976,0.0002277385561375,10.577371892440386,0.8975409836065574
420,7100,philosophy,0.0002017875497839,0.0848108329748805,0.0022476961114857,10.585085085085083,0.8979775280898876
421,7100,awareness,0.0003596818878626,0.0822474417165454,0.0004495392222971,10.585085085085083,0.8979775280898876
422,7100,knowledge,0.0003918062637481,0.0708539067297514,0.0017981568891885,10.585085085085083,0.8979775280898876
423,7100,science,0.0002834117501471,0.0502911834663721,0.0033715441672285,10.585085085085083,0.8979775280898876
424,7100,language,6.429926179598496e-05,0.0082459991386768,0.0026972353337828,10.585085085085083,0.8979775280898876
425,7100,philosophy_of_logic,3.7730988657973895e-05,0.0091039217553099,0.0002247696111485,10.585085085085083,0.8979775280898876
426,7200,philosophy,0.0001988325897545,0.0846834193071255,0.002219263204616,10.57959891062144,0.896161526514311
427,7200,awareness,0.0003536935344743,0.0819577943653264,0.0004438526409232,10.57959891062144,0.896161526514311
428,7200,knowledge,0.0003855028096059,0.0706692577727368,0.0017754105636928,10.57959891062144,0.896161526514311
429,7200,science,0.0002770755281201,0.0498083491866531,0.0033288948069241,10.57959891062144,0.896161526514311
430,7200,language,6.406171353906154e-05,0.0083374624783737,0.0026631158455392,10.57959891062144,0.896161526514311
431,7200,philosophy_of_logic,3.747191698941263e-05,0.0091377703663119,0.0002219263204616,10.57959891062144,0.896161526514311
432,7300,philosophy,0.0001962694884183,0.0847014390196823,0.0021905805038335,10.577712609970677,0.8961892247043364
433,7300,awareness,0.0003481612509049,0.0817501042652968,0.0004381161007667,10.577712609970677,0.8961892247043364
434,7300,knowledge,0.0003799213098961,0.0705736494658756,0.0017524644030668,10.577712609970677,0.8961892247043364
435,7300,science,0.0002728390566207,0.0497728138532833,0.0035049288061336,10.577712609970677,0.8961892247043364
436,7300,language,6.711831197685257e-05,0.0088159734280803,0.0028477546549835,10.577712609970677,0.8961892247043364
437,7300,philosophy_of_logic,3.785300082182751e-05,0.0093166289066602,0.0002190580503833,10.577712609970677,0.8961892247043364
438,7400,philosophy,0.0001937989393801,0.0846909505115852,0.0021635655560363,10.576291646547562,0.8959550075708415
439,7400,awareness,0.0003435590470876,0.0816750696984163,0.0004327131112072,10.576291646547562,0.8959550075708415
440,7400,knowledge,0.0003759446703794,0.0706885319030929,0.001730852444829,10.576291646547562,0.8959550075708415
441,7400,science,0.0002702701943783,0.0500509078490293,0.0036780614452617,10.576291646547562,0.8959550075708415
442,7400,language,6.743884850201984e-05,0.0090471485067092,0.0028126352228472,10.576291646547562,0.8959550075708415
443,7400,philosophy_of_logic,3.767402709516029e-05,0.0094141316132928,0.0002163565556036,10.576291646547562,0.8959550075708415
444,7500,philosophy,0.0001910867168805,0.0844390778028848,0.0021385799828913,10.58157894736842,0.8937353004062433
445,7500,awareness,0.000338871418713,0.0814661881216852,0.0004277159965782,10.58157894736842,0.8937353004062433
446,7500,knowledge,0.0003708792439861,0.070585979030632,0.001710863986313,10.58157894736842,0.8937353004062433
447,7500,science,0.0002682713012534,0.0502200830606519,0.0036355859709153,10.58157894736842,0.8937353004062433
448,7500,language,6.589039459795703e-05,0.0089426690329362,0.0027801539777587,10.58157894736842,0.8937353004062433
449,7500,philosophy_of_logic,3.708335185214653e-05,0.0093691394683161,0.0002138579982891,10.58157894736842,0.8937353004062433
450,7600,philosophy,0.0001888397665074,0.0844357687702951,0.0021146119687037,10.576094674556211,0.8932346723044398
451,7600,awareness,0.0003345378723427,0.0813719535471922,0.0004229223937407,10.576094674556211,0.8932346723044398
452,7600,knowledge,0.0003667711752906,0.0706549036732381,0.0016916895749629,10.576094674556211,0.8932346723044398
453,7600,science,0.0002658688663399,0.050295968233991,0.0038063015436667,10.576094674556211,0.8932346723044398
454,7600,language,6.59866229557447e-05,0.0091425870411603,0.0029604567561852,10.576094674556211,0.8932346723044398
455,7600,philosophy_of_logic,3.706159243246095e-05,0.0094928243317953,0.0002114611968703,10.576094674556211,0.8932346723044398
456,7700,philosophy,0.0001867667491502,0.0845778753214248,0.0023007738966743,10.557246546476236,0.8931409452112087
457,7700,awareness,0.0003307127377809,0.081441568427675,0.000418322526668,10.557246546476236,0.8931409452112087
458,7700,knowledge,0.0003635609412029,0.0709399044085966,0.0016732901066722,10.557246546476236,0.8931409452112087
459,7700,science,0.0002634417166584,0.050394159183402,0.0037649027400125,10.557246546476236,0.8931409452112087
460,7700,language,6.455918542054142e-05,0.0090431487382654,0.0029282576866764,10.557246546476236,0.8931409452112087
461,7700,philosophy_of_logic,3.6522303405252094e-05,0.0094592569362525,0.000209161263334,10.557246546476236,0.8931409452112087
462,7800,philosophy,0.0001846225314635,0.0844437861280265,0.0022731969415168,10.57942196531792,0.893595041322314
463,7800,awareness,0.0003271883576792,0.0813653278667857,0.0006199628022318,10.57942196531792,0.893595041322314
464,7800,knowledge,0.0003595101098341,0.0707874566883276,0.0016532341392849,10.57942196531792,0.893595041322314
465,7800,science,0.0002609223611872,0.0504408822668378,0.0039264310808018,10.57942196531792,0.893595041322314
466,7800,language,6.361877240533612e-05,0.0089737868545922,0.0028931597437487,10.57942196531792,0.893595041322314
467,7800,philosophy_of_logic,3.5908313820729984e-05,0.0094025826080045,0.0002066542674106,10.57942196531792,0.893595041322314
468,7900,philosophy,0.0001825570118693,0.0843333830037183,0.0022490288284604,10.587319752803843,0.893090760425184
469,7900,awareness,0.0003233616302274,0.0812281354712259,0.000613371498671,10.587319752803843,0.893090760425184
470,7900,knowledge,0.0003550416245032,0.0705942801390139,0.0016356573297894,10.587319752803843,0.893090760425184
471,7900,science,0.0002567416950351,0.050155865329035,0.0038846861582498,10.587319752803843,0.893090760425184
472,7900,language,6.373613624102741e-05,0.0090400784040438,0.0028624003271314,10.587319752803843,0.893090760425184
473,7900,philosophy_of_logic,3.573403048267438e-05,0.0094375875089611,0.0002044571662236,10.587319752803843,0.893090760425184
474,8000,philosophy,0.0001804728683533,0.0841147587273764,0.0022244691607684,10.60951302378256,0.8926405175899716
475,8000,awareness,0.0003198548366851,0.0810164878090636,0.0006066734074823,10.60951302378256,0.8926405175899716
476,8000,knowledge,0.0003517462814779,0.0703913883582454,0.0016177957532861,10.60951302378256,0.8926405175899716
477,8000,science,0.0002539458507799,0.0501233677470075,0.0038422649140546,10.60951302378256,0.8926405175899716
478,8000,language,6.235186321677555e-05,0.0089413596509966,0.0028311425682507,10.60951302378256,0.8926405175899716
479,8000,philosophy_of_logic,3.495792986907744e-05,0.0093345279082566,0.0002022244691607,10.60951302378256,0.8926405175899716
480,8100,philosophy,0.0001787931303349,0.084099060843368,0.0022026431718061,10.616902039901367,0.893093093093093
481,8100,awareness,0.0003172976741258,0.0811106505921191,0.000600720865038,10.616902039901367,0.893093093093093
482,8100,knowledge,0.0003480051938201,0.0703126025197092,0.0018021625951141,10.616902039901367,0.893093093093093
483,8100,science,0.0002509117046561,0.0500262453643176,0.0038045654785742,10.616902039901367,0.893093093093093
484,8100,language,6.113442236790255e-05,0.0088536290496953,0.0028033640368442,10.616902039901367,0.893093093093093
485,8100,philosophy_of_logic,3.427536467184045e-05,0.0092429396288204,0.000200240288346,10.616902039901367,0.893093093093093
486,8200,philosophy,0.0001768636308399,0.0841313121379431,0.0021795125817317,10.609718216108275,0.8928288431061807
487,8200,awareness,0.0003138878064419,0.0811434975996323,0.0005944125222904,10.609718216108275,0.8928288431061807
488,8200,knowledge,0.0003448566046516,0.0704637370265939,0.0017832375668714,10.609718216108275,0.8928288431061807
489,8200,science,0.0002494381655544,0.0502364840676606,0.0037646126411729,10.609718216108275,0.8928288431061807
490,8200,language,5.985730959409443e-05,0.0087606545421395,0.0027739251040221,10.609718216108275,0.8928288431061807
491,8200,philosophy_of_logic,3.395185101566668e-05,0.0092791001723075,0.0001981375074301,10.609718216108275,0.8928288431061807
492,8300,philosophy,0.0001747880752337,0.0839193825419998,0.0021585557299843,10.613741466637304,0.8909162252305277
493,8300,awareness,0.0003100370858716,0.080908282586069,0.0005886970172684,10.613741466637304,0.8909162252305277
494,8300,knowledge,0.0003403362522171,0.0702042123517511,0.0017660910518053,10.613741466637304,0.8909162252305277
495,8300,science,0.0002465127854012,0.0501352083901271,0.0037284144427001,10.613741466637304,0.8909162252305277
496,8300,language,5.952034456196569e-05,0.0087778606394925,0.0027472527472527,10.613741466637304,0.8909162252305277
497,8300,philosophy_of_logic,3.376412818942038e-05,0.0092999004101488,0.0001962323390894,10.613741466637304,0.8909162252305277
498,8400,philosophy,0.0001728467969193,0.0838500302264409,0.0021355076684139,10.617916303400174,0.890527950310559
499,8400,awareness,0.0003064667537268,0.0808082733611702,0.0005824111822947,10.617916303400174,0.890527950310559
500,8400,knowledge,0.0003363861687593,0.0701062598813637,0.0017472335468841,10.617916303400174,0.890527950310559
501,8400,science,0.000244442374453,0.0501398172287539,0.0036886041545331,10.617916303400174,0.890527950310559
502,8400,language,5.851996416302207e-05,0.0087149339933993,0.0027179188507086,10.617916303400174,0.890527950310559
503,8400,philosophy_of_logic,3.334846637751097e-05,0.0092483279052118,0.0001941370607649,10.617916303400174,0.890527950310559
504,8500,philosophy,0.0001708699042443,0.0838543179205655,0.0021113243761996,10.616163793103448,0.890424102859336
505,8500,awareness,0.0003025122922092,0.0806705509909553,0.0005758157389635,10.616163793103448,0.890424102859336
506,8500,knowledge,0.000332126304499,0.0700230354211668,0.0017274472168905,10.616163793103448,0.890424102859336
507,8500,science,0.0002420319337765,0.050208391256003,0.0036468330134357,10.616163793103448,0.890424102859336
508,8500,language,5.874919104758096e-05,0.0089668205539594,0.0028790786948176,10.616163793103448,0.890424102859336
509,8500,philosophy_of_logic,3.326051380311323e-05,0.009326445064574,0.0001919385796545,10.616163793103448,0.890424102859336
510,8600,philosophy,0.0001690061973749,0.0838191206651782,0.0020896656534954,10.613660618996798,0.8898385565052231
511,8600,awareness,0.0002993690050427,0.0807161077711946,0.0005699088145896,10.613660618996798,0.8898385565052231
512,8600,knowledge,0.000329028077255,0.0700834175551644,0.0017097264437689,10.613660618996798,0.8898385565052231
513,8600,science,0.0002394013918836,0.0500785965538187,0.0037993920972644,10.613660618996798,0.8898385565052231
514,8600,language,5.755014620262848e-05,0.0088748356926536,0.0028495440729483,10.613660618996798,0.8898385565052231
515,8600,philosophy_of_logic,3.2581681517851734e-05,0.0092307710460545,0.0001899696048632,10.613660618996798,0.8898385565052231
516,8700,philosophy,0.0001673748362637,0.0837651597977574,0.0020676691729323,10.629879721460224,0.8906220635218944
517,8700,awareness,0.0002968448183039,0.0807518952562633,0.000563909774436,10.629879721460224,0.8906220635218944
518,8700,knowledge,0.0003264833762662,0.0700981954059612,0.0016917293233082,10.629879721460224,0.8906220635218944
519,8700,science,0.0002372144418554,0.050091227500893,0.0037593984962406,10.629879721460224,0.8906220635218944
520,8700,language,5.6345053575491066e-05,0.008781416369573,0.0028195488721804,10.629879721460224,0.8906220635218944
521,8700,philosophy_of_logic,3.1970077420576434e-05,0.0091522896851279,0.000187969924812,10.629879721460224,0.8906220635218944
522,8800,philosophy,0.0001659988214291,0.0837762558618253,0.0020487986589681,10.63818675579695,0.8914338919925512
523,8800,awareness,0.000294434599898,0.0807939948652774,0.0005587632706276,10.63818675579695,0.8914338919925512
524,8800,knowledge,0.0003239855810635,0.0701959551113873,0.001676289811883,10.63818675579695,0.8914338919925512
525,8800,science,0.000234569584063,0.0500057585147493,0.0037250884708511,10.63818675579695,0.8914338919925512
526,8800,language,5.532137905966141e-05,0.0087012730650267,0.0027938163531383,10.63818675579695,0.8914338919925512
527,8800,philosophy_of_logic,3.173608892764276e-05,0.0091376673954521,0.0001862544235425,10.63818675579695,0.8914338919925512
528,8900,philosophy,0.0001642735491844,0.0838394512318889,0.0020283975659229,10.62549141320091,0.8910398230088495
529,8900,awareness,0.0002916603432229,0.0809712840294082,0.0005531993361607,10.62549141320091,0.8910398230088495
530,8900,knowledge,0.0003209317682742,0.0704032280339676,0.0016595980084823,10.62549141320091,0.8910398230088495
531,8900,science,0.0002315536306902,0.0498618516378213,0.0036879955744053,10.62549141320091,0.8910398230088495
532,8900,language,5.422522991497484e-05,0.0086146293723268,0.0027659966808039,10.62549141320091,0.8910398230088495
533,8900,philosophy_of_logic,3.1175257574941646e-05,0.0090628948414896,0.0001843997787202,10.62549141320091,0.8910398230088495
534,9000,philosophy,0.000162439056222,0.0837978431120196,0.0021897810218978,10.622540983606555,0.8903484765553731
535,9000,awareness,0.0002880221921248,0.0807168582604957,0.0005474452554744,10.622540983606555,0.8903484765553731
536,9000,knowledge,0.000316488146843,0.0700837187060415,0.0016423357664233,10.622540983606555,0.8903484765553731
537,9000,science,0.0002283602145167,0.0496751446056283,0.0036496350364963,10.622540983606555,0.8903484765553731
538,9000,language,5.310315529293632e-05,0.0085250246507534,0.0027372262773722,10.622540983606555,0.8903484765553731
539,9000,philosophy_of_logic,3.072991368989355e-05,0.0090356953354058,0.0001824817518248,10.622540983606555,0.8903484765553731
540,9100,philosophy,0.0001610334051694,0.0838564177046137,0.0021691973969631,10.62312373225152,0.8910175311765769
541,9100,awareness,0.0002857697697336,0.0808707483303895,0.0005422993492407,10.62312373225152,0.8910175311765769
542,9100,knowledge,0.0003145852421133,0.0702920940637559,0.0016268980477223,10.62312373225152,0.8910175311765769
543,9100,science,0.000227746777731,0.0499633264240671,0.0036153289949385,10.62312373225152,0.8910175311765769
544,9100,language,5.210961275010817e-05,0.008444890651867,0.0027114967462039,10.62312373225152,0.8910175311765769
545,9100,philosophy_of_logic,3.02856495419124e-05,0.0089700747837497,0.0001807664497469,10.62312373225152,0.8910175311765769
546,9200,philosophy,0.0001594412787959,0.0839160380329003,0.0021482277121374,10.61322081575246,0.890817970288169
547,9200,awareness,0.0002832838315584,0.0810555836411938,0.0005370569280343,10.61322081575246,0.890817970288169
548,9200,knowledge,0.0003124741460647,0.0706055761219154,0.0016111707841031,10.61322081575246,0.890817970288169
549,9200,science,0.0002264412213125,0.0501902647923038,0.0035803795202291,10.61322081575246,0.890817970288169
550,9200,language,5.1107081929170266e-05,0.0083632536853076,0.0026852846401718,10.61322081575246,0.890817970288169
551,9200,philosophy_of_logic,2.9702987428426854e-05,0.0088833608492129,0.0001790189760114,10.61322081575246,0.890817970288169
552,9300,philosophy,0.0001580031525061,0.0839623070110942,0.0023070097604259,10.603905160390516,0.8905251951738822
553,9300,awareness,0.0002807090682726,0.081079637972685,0.0005323868677905,10.603905160390516,0.8905251951738822
554,9300,knowledge,0.0003097088497509,0.0706462173024154,0.0015971606033717,10.603905160390516,0.8905251951738822
555,9300,science,0.0002237800727104,0.0500399869211593,0.0037267080745341,10.603905160390516,0.8905251951738822
556,9300,language,5.022220570889509e-05,0.008290529740218,0.0026619343389529,10.603905160390516,0.8905251951738822
557,9300,philosophy_of_logic,2.9314654241367605e-05,0.0088353174064027,0.0001774622892635,10.603905160390516,0.8905251951738822
558,9400,philosophy,0.0001565801243836,0.0839042768592097,0.0022859152452962,10.612712198973547,0.8906469760900141
559,9400,awareness,0.0002782581835295,0.0810717559626284,0.0005275189027606,10.612712198973547,0.8906469760900141
560,9400,knowledge,0.0003067610215713,0.0705904861708343,0.001582556708282,10.612712198973547,0.8906469760900141
561,9400,science,0.0002220562751131,0.0501158511769862,0.0036926323193247,10.612712198973547,0.8906469760900141
562,9400,language,4.97408529384633e-05,0.0082479483541064,0.0026375945138034,10.612712198973547,0.8906469760900141
563,9400,philosophy_of_logic,2.902837843953825e-05,0.0087964206936655,0.0001758396342535,10.612712198973547,0.8906469760900141
564,9500,philosophy,0.0001549021552378,0.0838899303878959,0.0022620497650948,10.61156701836655,0.8903966597077244
565,9500,awareness,0.0002754455170038,0.0811085054305037,0.0005220114842526,10.61156701836655,0.8903966597077244
566,9500,knowledge,0.0003038407137232,0.0706665160077679,0.0015660344527579,10.61156701836655,0.8903966597077244
567,9500,science,0.0002196238296365,0.0500214438336674,0.0036540803897685,10.61156701836655,0.8903966597077244
568,9500,language,4.934346551448767e-05,0.0083323683654848,0.0027840612493474,10.61156701836655,0.8903966597077244
569,9500,philosophy_of_logic,2.860710117250972e-05,0.0087743931271875,0.0001740038280842,10.61156701836655,0.8903966597077244
570,9600,philosophy,0.000153534200308,0.083917908322668,0.0022417658216933,10.609486931268153,0.8905172413793103
571,9600,awareness,0.0002726688905935,0.0810396480673336,0.0005173305742369,10.609486931268153,0.8905172413793103
572,9600,knowledge,0.0003010031456077,0.0706574416984257,0.0015519917227108,10.609486931268153,0.8905172413793103
573,9600,science,0.0002173680361061,0.0499223106774248,0.0036213140196585,10.609486931268153,0.8905172413793103
574,9600,language,4.950318425887936e-05,0.0083933971762895,0.0027590963959303,10.609486931268153,0.8905172413793103
575,9600,philosophy_of_logic,2.851264486742661e-05,0.0087962682883872,0.0001724435247456,10.609486931268153,0.8905172413793103
576,9700,philosophy,0.0001522294198804,0.0839750061387301,0.0022229822161422,10.60099846390169,0.8904086168575825
577,9700,awareness,0.0002703994439167,0.0811169890291666,0.0005129958960328,10.60099846390169,0.8904086168575825
578,9700,knowledge,0.0002984363199808,0.0707518393906902,0.0015389876880984,10.60099846390169,0.8904086168575825
579,9700,science,0.0002157289973685,0.0499615745297787,0.0035909712722298,10.60099846390169,0.8904086168575825
580,9700,language,4.949575722252147e-05,0.0085397863678655,0.002906976744186,10.60099846390169,0.8904086168575825
581,9700,philosophy_of_logic,2.827076032733506e-05,0.0088120388476256,0.0001709986320109,10.60099846390169,0.8904086168575825
582,9800,philosophy,0.0001508282114048,0.0839344864444844,0.0022030164378918,10.603730491054437,0.8902067095899695
583,9800,awareness,0.0002678614856644,0.0810836664468529,0.0005083884087442,10.603730491054437,0.8902067095899695
584,9800,knowledge,0.0002957703037656,0.0707725726315051,0.0015251652262328,10.603730491054437,0.8902067095899695
585,9800,science,0.0002143982970797,0.0500604075155566,0.0037281816641247,10.603730491054437,0.8902067095899695
586,9800,language,4.941468719354495e-05,0.0085912202237825,0.0028808676495509,10.603730491054437,0.8902067095899695
587,9800,philosophy_of_logic,2.810980753194684e-05,0.0088225810789854,0.0001694628029147,10.603730491054437,0.8902067095899695
588,9900,philosophy,0.0001492770516058,0.0837465021601174,0.0021837728876196,10.610922146636431,0.8888142425260329
589,9900,awareness,0.0002646133938785,0.0807279625791423,0.0005039475894506,10.610922146636431,0.8888142425260329
590,9900,knowledge,0.0002918111027706,0.0703562457126158,0.001511842768352,10.610922146636431,0.8888142425260329
591,9900,science,0.0002112336581691,0.0497206841262162,0.0036956156559717,10.610922146636431,0.8888142425260329
592,9900,language,5.033268948494254e-05,0.0089271506537619,0.0030236855367041,10.610922146636431,0.8888142425260329
593,9900,philosophy_of_logic,2.824160435786294e-05,0.0089485686030736,0.0001679825298168,10.610922146636431,0.8888142425260329
