,iteration,node,betweeness_centrality,closeness_centrality,in_degree,avg_dist_from_phil
0,50,philosophy,0.015957446808510637,0.10366341385378339,0.0425531914893617,7.1891891891891895
1,50,awareness,0.01551418439716312,0.07985631389886709,0.02127659574468085,7.1891891891891895
2,50,knowledge,0.022163120567375887,0.09078014184397162,0.0425531914893617,7.1891891891891895
3,50,science,0.020833333333333332,0.0677491601343785,0.0425531914893617,7.1891891891891895
4,50,language,0.0398936170212766,0.03927986906710311,0.02127659574468085,7.1891891891891895
5,80,philosophy,0.013640238704177323,0.12816020025031288,0.029411764705882353,7.230769230769231
6,80,awareness,0.017689684569479967,0.11085465576365075,0.029411764705882353,7.230769230769231
7,80,knowledge,0.01896845694799659,0.09738304770727188,0.044117647058823525,7.230769230769231
8,80,science,0.016837169650468883,0.06474175035868006,0.029411764705882353,7.230769230769231
9,80,language,0.02514919011082694,0.0427807486631016,0.029411764705882353,7.230769230769231
10,110,philosophy,0.011108273748723188,0.13151584653878232,0.022727272727272728,7.431818181818182
11,110,awareness,0.014172625127681308,0.11270491803278689,0.022727272727272728,7.431818181818182
12,110,knowledge,0.014427987742594484,0.0960297418630752,0.03409090909090909,7.431818181818182
13,110,science,0.012640449438202247,0.06747891283973757,0.03409090909090909,7.431818181818182
14,110,language,0.02311031664964249,0.05821535022354695,0.022727272727272728,7.431818181818182
15,140,philosophy,0.00859049207673061,0.11670296790090863,0.01834862385321101,8.01923076923077
16,140,awareness,0.009591326105087573,0.0914335565936849,0.01834862385321101,8.01923076923077
17,140,knowledge,0.009924937447873228,0.07709463226722085,0.027522935779816515,8.01923076923077
18,140,science,0.008924103419516263,0.05440206019636246,0.027522935779816515,8.01923076923077
19,140,language,0.023269391159299418,0.07155963302752294,0.027522935779816515,8.01923076923077
20,170,philosophy,0.006870229007633588,0.10911917098445596,0.015384615384615385,8.177966101694915
21,170,awareness,0.008396946564885497,0.087532557735718,0.015384615384615385,8.177966101694915
22,170,knowledge,0.009453904873752202,0.07608342361863489,0.023076923076923078,8.177966101694915
23,170,science,0.008866705813270698,0.05513491743858236,0.023076923076923078,8.177966101694915
24,170,language,0.01638285378743394,0.06,0.023076923076923078,8.177966101694915
25,200,philosophy,0.0059254095503659815,0.09629722187513017,0.013245033112582781,9.284671532846716
26,200,awareness,0.0064046706169397,0.07739340072034391,0.013245033112582781,9.284671532846716
27,200,knowledge,0.007276054374346462,0.06790885621281849,0.019867549668874173,9.284671532846716
28,200,science,0.006578947368421052,0.04746714746368018,0.019867549668874173,9.284671532846716
29,200,language,0.01734053677239456,0.05394340758579169,0.019867549668874173,9.284671532846716
30,230,philosophy,0.005377066810055115,0.09759817003431186,0.01744186046511628,9.472049689440993
31,230,awareness,0.0049401801317381375,0.06794420644634842,0.011627906976744186,9.472049689440993
32,230,knowledge,0.005612313482995027,0.05961765865195113,0.01744186046511628,9.472049689440993
33,230,science,0.005074606801989515,0.041671739924509926,0.01744186046511628,9.472049689440993
34,230,language,0.01878612716763006,0.07271519783753554,0.029069767441860465,9.472049689440993
35,260,philosophy,0.004668609671848014,0.09533957696228337,0.015625,9.39655172413793
36,260,awareness,0.00429080310880829,0.0641128369493754,0.010416666666666666,9.39655172413793
37,260,knowledge,0.004992443868739206,0.05700061274509804,0.015625,9.39655172413793
38,260,science,0.0047225820379965455,0.041870471014492754,0.015625,9.39655172413793
39,260,language,0.015651986183074264,0.06893864829396325,0.026041666666666664,9.39655172413793
40,290,philosophy,0.004014742661576938,0.09093426958512206,0.014084507042253521,9.396739130434783
41,290,awareness,0.0037953578166820237,0.06091755209620295,0.009389671361502348,9.396739130434783
42,290,knowledge,0.004519327804835242,0.054820505524730875,0.014084507042253521,9.396739130434783
43,290,science,0.004453512351366768,0.04206842007841553,0.014084507042253521,9.396739130434783
44,290,language,0.013185029178184371,0.065992583255695,0.028169014084507043,9.396739130434783
45,320,philosophy,0.0038699974322291917,0.09289122664991936,0.012875536480686695,9.702830188679245
46,320,awareness,0.004126774513040607,0.06447534116316722,0.008583690987124463,9.702830188679245
47,320,knowledge,0.005208906496460144,0.05972086107262343,0.012875536480686695,9.702830188679245
48,320,science,0.005630754557793184,0.050385568233364736,0.012875536480686695,9.702830188679245
49,320,language,0.011279850335644326,0.06026897688455016,0.02575107296137339,9.702830188679245
50,350,philosophy,0.0035255802188073103,0.09055004843514425,0.01195219123505976,9.767857142857142
51,350,awareness,0.0036204388794030223,0.06134702894582807,0.00796812749003984,9.767857142857142
52,350,knowledge,0.004584835262126098,0.057191793573370064,0.01195219123505976,9.767857142857142
53,350,science,0.0049800796812749,0.04877071192092796,0.01195219123505976,9.767857142857142
54,350,language,0.010829697084677164,0.06258106139714929,0.02390438247011952,9.767857142857142
55,380,philosophy,0.003252699193658603,0.08807413626893056,0.011111111111111112,9.96652719665272
56,380,awareness,0.0031296979636463032,0.05703001579778831,0.007407407407407408,9.96652719665272
57,380,knowledge,0.003963372967063004,0.05316718587746625,0.011111111111111112,9.96652719665272
58,380,science,0.004305043050430504,0.04533869885982562,0.011111111111111112,9.96652719665272
59,380,language,0.01079677463441301,0.06608713977135029,0.022222222222222223,9.96652719665272
60,410,philosophy,0.0031455671699574137,0.08976374606951645,0.010452961672473868,10.053639846743295
61,410,awareness,0.003133468834688347,0.05809877594911077,0.006968641114982578,10.053639846743295
62,410,knowledge,0.003944057297715835,0.054115998645244204,0.010452961672473868,10.053639846743295
63,410,science,0.004391695702671313,0.04751346214760849,0.010452961672473868,10.053639846743295
64,410,language,0.010150503290747194,0.06722270219977404,0.020905923344947737,10.053639846743295
65,440,philosophy,0.0029893924783027962,0.0892365012037143,0.009836065573770491,10.214285714285714
66,440,awareness,0.0027965284474445514,0.054915595704235654,0.006557377049180328,10.214285714285714
67,440,knowledge,0.0035251258973534767,0.05118803989573684,0.009836065573770491,10.214285714285714
68,440,science,0.003932283295831994,0.04502623494549113,0.009836065573770491,10.214285714285714
69,440,language,0.01003964427300975,0.06839236003711724,0.019672131147540982,10.214285714285714
70,470,philosophy,0.002797046319087044,0.08881231293906587,0.009174311926605505,10.295681063122924
71,470,awareness,0.0026758409785932725,0.055537449552148004,0.0061162079510703364,10.295681063122924
72,470,knowledge,0.0034310434847467743,0.052620600661116124,0.009174311926605505,10.295681063122924
73,470,science,0.003906541358991572,0.047660594523614375,0.012232415902140673,10.295681063122924
74,470,language,0.009258223316178116,0.06688467011838799,0.021406727828746176,10.295681063122924
75,500,philosophy,0.0026168471959985428,0.08757439210272906,0.008645533141210374,10.365930599369085
76,500,awareness,0.0025423167378846603,0.05520547880594481,0.005763688760806916,10.365930599369085
77,500,knowledge,0.003295902481036139,0.05280048000436368,0.008645533141210374,10.365930599369085
78,500,science,0.0038010533638080097,0.048639544893147195,0.011527377521613832,10.365930599369085
79,500,language,0.008571002683096492,0.0652764939372519,0.020172910662824207,10.365930599369085
80,530,philosophy,0.002487856888994195,0.08791612706783487,0.008174386920980926,10.382789317507418
81,530,awareness,0.0024212178651818505,0.05581734415408436,0.005449591280653951,10.382789317507418
82,530,knowledge,0.0031246297832010425,0.05324625578305954,0.008174386920980926,10.382789317507418
83,530,science,0.0036355289657623506,0.049822921757526666,0.010899182561307902,10.382789317507418
84,530,language,0.008181791256960076,0.06571769837418749,0.01907356948228883,10.382789317507418
85,560,philosophy,0.0023719290806455888,0.08787432498772706,0.007731958762886598,10.470752089136491
86,560,awareness,0.0023388015795192535,0.054944976976181524,0.005154639175257732,10.470752089136491
87,560,knowledge,0.002795961095062677,0.050364370805110435,0.007731958762886598,10.470752089136491
88,560,science,0.003253120610606101,0.04712632032219661,0.010309278350515464,10.470752089136491
89,560,language,0.0077385842631118645,0.06706385132832958,0.020618556701030927,10.470752089136491
90,590,philosophy,0.002250197652496503,0.08658419348310058,0.007407407407407408,10.522911051212938
91,590,awareness,0.00220762634555738,0.0537841476228001,0.0049382716049382715,10.522911051212938
92,590,knowledge,0.0025846864927324695,0.04874765530177646,0.007407407407407408,10.522911051212938
93,590,science,0.0029860731010156296,0.045148178481511814,0.009876543209876543,10.522911051212938
94,590,language,0.007401325792130389,0.06681624360949255,0.019753086419753086,10.522911051212938
95,620,philosophy,0.0021339928648033443,0.08525756079295697,0.00702576112412178,10.68542199488491
96,620,awareness,0.0020738033224627374,0.05321611813289951,0.00468384074941452,10.68542199488491
97,620,knowledge,0.0024568276828120556,0.04872818579088648,0.00702576112412178,10.68542199488491
98,620,science,0.0028617391494670493,0.045702603155372626,0.00936768149882904,10.68542199488491
99,620,language,0.007118781325920901,0.06505862404574349,0.01873536299765808,10.68542199488491
100,650,philosophy,0.0020557263062427568,0.0855814240435557,0.006741573033707865,10.687041564792176
101,650,awareness,0.0019196855948002216,0.05140912262713433,0.0044943820224719105,10.687041564792176
102,650,knowledge,0.002277422280445407,0.04716585611269495,0.006741573033707865,10.687041564792176
103,650,science,0.002635158966090593,0.04385395853335755,0.008988764044943821,10.687041564792176
104,650,language,0.0071547337129037126,0.06967658208394523,0.017977528089887642,10.687041564792176
105,680,philosophy,0.001995473795907635,0.08539914555938627,0.0065075921908893716,10.769953051643192
106,680,awareness,0.0018452263571569429,0.050473584010742194,0.004338394793926247,10.769953051643192
107,680,knowledge,0.0021785878618850417,0.046180148533552456,0.0065075921908893716,10.769953051643192
108,680,science,0.0025307302964569776,0.043086403163572845,0.008676789587852495,10.769953051643192
109,680,language,0.007028762994055836,0.07090368638531697,0.01735357917570499,10.769953051643192
110,710,philosophy,0.0019014206514206514,0.08562637733702992,0.00625,10.656818181818181
111,710,awareness,0.00178014553014553,0.05183663903690546,0.004166666666666667,10.656818181818181
112,710,knowledge,0.0021266458766458765,0.048427019539224264,0.008333333333333333,10.656818181818181
113,710,science,0.0023345460845460844,0.041380899705014754,0.008333333333333333,10.656818181818181
114,710,language,0.006635481635481635,0.07011921624173749,0.016666666666666666,10.656818181818181
115,740,philosophy,0.0018390194042703881,0.08574432672419385,0.006024096385542168,10.679039301310043
116,740,awareness,0.0017424407047025778,0.05239750950109162,0.004016064257028112,10.679039301310043
117,740,knowledge,0.002108634940563859,0.04938682430779169,0.008032128514056224,10.679039301310043
118,740,science,0.0023460575770013923,0.043036570338438364,0.008032128514056224,10.679039301310043
119,740,language,0.006362121834029504,0.06953257626951033,0.01606425702811245,10.679039301310043
120,770,philosophy,0.0017593977131549385,0.08483780522672685,0.005791505791505792,10.740506329113924
121,770,awareness,0.0016850045751779857,0.05230892127443852,0.003861003861003861,10.740506329113924
122,770,knowledge,0.001960259185692712,0.047601949775862816,0.007722007722007722,10.740506329113924
123,770,science,0.0021834385996235706,0.04152429783105868,0.007722007722007722,10.740506329113924
124,770,language,0.006037003146829737,0.06781666459085814,0.015444015444015444,10.740506329113924
125,800,philosophy,0.0017226949365322917,0.08548389356723507,0.005607476635514019,10.77979797979798
126,800,awareness,0.0016494629655461012,0.0524456790414087,0.003738317757009346,10.77979797979798
127,800,knowledge,0.001931929139349979,0.04783238321289056,0.007476635514018692,10.77979797979798
128,800,science,0.0021725484725903196,0.04224510071126507,0.007476635514018692,10.77979797979798
129,800,language,0.005928302413167805,0.06893288448409803,0.014953271028037384,10.77979797979798
130,830,philosophy,0.0016581690940782473,0.08480135280476638,0.0054249547920434,10.81139489194499
131,830,awareness,0.0015896227338899733,0.05173419824214643,0.003616636528028933,10.81139489194499
132,830,knowledge,0.0018768646242027405,0.04728979110359266,0.007233273056057866,10.81139489194499
133,830,science,0.002124937165836494,0.042072255780847216,0.007233273056057866,10.81139489194499
134,830,language,0.005708932569966249,0.06891059661165393,0.014466546112115732,10.81139489194499
135,860,philosophy,0.0016012883788715663,0.08435200321706325,0.005253940455341506,10.837786259541986
136,860,awareness,0.001546177115353998,0.051704050004030215,0.0035026269702276708,10.837786259541986
137,860,knowledge,0.0018431655909764491,0.04755773211442866,0.0070052539404553416,10.837786259541986
138,860,science,0.002029931539563764,0.04075171763437963,0.0070052539404553416,10.837786259541986
139,860,language,0.0054835707199980405,0.06815030482916049,0.014010507880910683,10.837786259541986
140,890,philosophy,0.0015683001928002071,0.08461190050250111,0.005093378607809847,10.915750915750916
141,890,awareness,0.0015107478921469887,0.05230848012485026,0.003395585738539898,10.915750915750916
142,890,knowledge,0.001818652700641708,0.048618613983639446,0.006791171477079796,10.915750915750916
143,890,science,0.0019999424476993466,0.04151408724214077,0.006791171477079796,10.915750915750916
144,890,language,0.005395528186239245,0.06750360058972972,0.013582342954159592,10.915750915750916
145,920,philosophy,0.0015274254698197094,0.08427038000943204,0.004958677685950413,10.964349376114082
146,920,awareness,0.0014537817418105448,0.051794537695173816,0.003305785123966942,10.964349376114082
147,920,knowledge,0.0017565392902926657,0.04833708031200194,0.006611570247933884,10.964349376114082
148,920,science,0.0019392848375746666,0.041559768117480064,0.006611570247933884,10.964349376114082
149,920,language,0.005324168780514415,0.06780368830166167,0.013223140495867768,10.964349376114082
150,950,philosophy,0.0014941704128452204,0.08392598393184202,0.00482315112540193,11.072413793103449
151,950,awareness,0.001396107415110992,0.0506493398216365,0.003215434083601286,11.072413793103449
152,950,knowledge,0.0016773933822960161,0.047265057531348964,0.006430868167202572,11.072413793103449
153,950,science,0.001855455141339747,0.04072162983109439,0.006430868167202572,11.072413793103449
154,950,language,0.005308304903666008,0.06883835427508399,0.012861736334405145,11.072413793103449
155,980,philosophy,0.0014507122340968407,0.0846430629945551,0.0046801872074883,10.98494983277592
156,980,awareness,0.0013437920694397872,0.050829475437357954,0.0031201248049922,10.98494983277592
157,980,knowledge,0.00162324249979345,0.047904121772347534,0.0062402496099844,10.98494983277592
158,980,science,0.0017763327355524129,0.04065736193570481,0.0078003120124804995,10.98494983277592
159,980,language,0.005134597907280778,0.06915030025858569,0.0124804992199688,10.98494983277592
160,1010,philosophy,0.0014110375521042963,0.08434285222094154,0.0045662100456621,10.990180032733225
161,1010,awareness,0.0013023182653028177,0.05054002122449188,0.0030441400304414,10.990180032733225
162,1010,knowledge,0.001579899423093827,0.04782362549652894,0.0060882800608828,10.990180032733225
163,1010,science,0.001737195412508732,0.04091104255361465,0.0076103500761035,10.990180032733225
164,1010,language,0.00501727942707249,0.06930317936255968,0.0121765601217656,10.990180032733225
165,1040,philosophy,0.0013927329501099992,0.08521902112130222,0.004470938897168405,10.965023847376788
166,1040,awareness,0.0012884997516145057,0.0509700367699421,0.0029806259314456036,10.965023847376788
167,1040,knowledge,0.0015745866155702222,0.04848391994094461,0.005961251862891207,10.965023847376788
168,1040,science,0.0017453516428926265,0.04197350651848032,0.007451564828614009,10.965023847376788
169,1040,language,0.004949968064722163,0.07058848166077406,0.013412816691505215,10.965023847376788
170,1070,philosophy,0.0013540503029687554,0.08460556682321588,0.004366812227074236,10.993759750390016
171,1070,awareness,0.00125038082664771,0.050487821716638154,0.002911208151382824,10.993759750390016
172,1070,knowledge,0.0015338851088317932,0.048117780489603246,0.005822416302765648,10.993759750390016
173,1070,science,0.001707372803899665,0.04188594035755608,0.0072780203784570605,10.993759750390016
174,1070,language,0.00482591990792458,0.0702688210671414,0.013100436681222708,10.993759750390016
175,1100,philosophy,0.0013194264839001683,0.08444329496961077,0.004267425320056899,10.983180428134556
176,1100,awareness,0.0012062750549592656,0.049772056490981466,0.002844950213371266,10.983180428134556
177,1100,knowledge,0.001477030259924997,0.04745521614388697,0.005689900426742532,10.983180428134556
178,1100,science,0.0016467574033363509,0.041426697294281445,0.007112375533428165,10.983180428134556
179,1100,language,0.004750339454286823,0.07152207385653904,0.01422475106685633,10.983180428134556
180,1130,philosophy,0.0012906457081214365,0.08468788674575145,0.004166666666666667,10.971684053651266
181,1130,awareness,0.0011692864848204655,0.049270672333848534,0.002777777777777778,10.971684053651266
182,1130,knowledge,0.0014370473108337187,0.04706458524640343,0.005555555555555556,10.971684053651266
183,1130,science,0.0015930805979349671,0.04070365254757519,0.006944444444444445,10.971684053651266
184,1130,language,0.00466366158113731,0.07253729706011408,0.015277777777777779,10.971684053651266
185,1160,philosophy,0.0012628311014099463,0.08446395964378701,0.004076086956521739,11.002915451895044
186,1160,awareness,0.0011485310601144474,0.04945969219944037,0.002717391304347826,11.002915451895044
187,1160,knowledge,0.0014084714766090494,0.047102422727378926,0.005434782608695652,11.002915451895044
188,1160,science,0.0015541118518081528,0.040458121715644536,0.006793478260869565,11.002915451895044
189,1160,language,0.0045535661612884195,0.07175951666110679,0.014945652173913044,11.002915451895044
190,1190,philosophy,0.0012329109732599223,0.08435706659146837,0.00398406374501992,11.004279600570614
191,1190,awareness,0.0011184263828857867,0.04928047534137208,0.0026560424966799467,11.004279600570614
192,1190,knowledge,0.0013773376872703704,0.04710085854553107,0.005312084993359893,11.004279600570614
193,1190,science,0.0015059126887674765,0.03979590225623267,0.0066401062416998665,11.004279600570614
194,1190,language,0.004461376421810548,0.0720820729299932,0.01593625498007968,11.004279600570614
195,1220,philosophy,0.0011978925156078842,0.08315842662645244,0.0038910505836575876,11.105042016806722
196,1220,awareness,0.0010668467705624214,0.048129958407332266,0.0025940337224383916,11.105042016806722
197,1220,knowledge,0.001313817597763486,0.0460012276067249,0.005188067444876783,11.105042016806722
198,1220,science,0.0014364629745368036,0.0388668150440249,0.006485084306095979,11.105042016806722
199,1220,language,0.004408513269221722,0.07148208450744532,0.01556420233463035,11.105042016806722
200,1250,philosophy,0.0011789645699433198,0.08371256384129032,0.0038071065989847713,11.096730245231608
201,1250,awareness,0.0010567254058018569,0.0490225920221637,0.0025380710659898475,11.096730245231608
202,1250,knowledge,0.0013108541944117401,0.04726127716971613,0.005076142131979695,11.096730245231608
203,1250,science,0.0014459606389891466,0.040583254877981714,0.0076142131979695426,11.096730245231608
204,1250,language,0.00432179781642251,0.07126858855263875,0.015228426395939085,11.096730245231608
205,1280,philosophy,0.0011605505294144845,0.08412265689850473,0.0037267080745341614,11.10477453580902
206,1280,awareness,0.0010403341399133825,0.049276808629266526,0.002484472049689441,11.10477453580902
207,1280,knowledge,0.0012977205123067676,0.047717444560424344,0.004968944099378882,11.10477453580902
208,1280,science,0.001441055438250389,0.04139947916070904,0.007453416149068323,11.10477453580902
209,1280,language,0.004259975648474947,0.07176767828537217,0.014906832298136646,11.10477453580902
210,1310,philosophy,0.0011293321862629452,0.08360914369727124,0.0036496350364963502,11.101960784313725
211,1310,awareness,0.001012555690562981,0.048897584468357284,0.0024330900243309003,11.101960784313725
212,1310,knowledge,0.001266803250821131,0.04743824705383519,0.004866180048661801,11.101960784313725
213,1310,science,0.0014116652328286816,0.0413625304136253,0.0072992700729927005,11.101960784313725
214,1310,language,0.004147782872583539,0.0715877903444178,0.014598540145985401,11.101960784313725
215,1340,philosophy,0.0011081786707531642,0.08353550903836676,0.003575685339690107,11.12915601023018
216,1340,awareness,0.0010031783869686134,0.04913028718639812,0.0023837902264600714,11.12915601023018
217,1340,knowledge,0.001254327714399228,0.04765154764438084,0.004767580452920143,11.12915601023018
218,1340,science,0.0014061524490606731,0.04188728626903874,0.007151370679380214,11.12915601023018
219,1340,language,0.004041092002951359,0.07095240985351614,0.014302741358760428,11.12915601023018
220,1370,philosophy,0.0010788640116955897,0.08279867550065963,0.0034924330616996507,11.191729323308271
221,1370,awareness,0.0009597422638546714,0.04819488399514959,0.002328288707799767,11.191729323308271
222,1370,knowledge,0.001200693071987438,0.04679430133863158,0.004656577415599534,11.191729323308271
223,1370,science,0.001346887944337656,0.04119650997828449,0.006984866123399301,11.191729323308271
224,1370,language,0.0039973468337980884,0.07110065797021685,0.013969732246798603,11.191729323308271
225,1400,philosophy,0.001061207988991425,0.08351166292992084,0.004555808656036446,11.15609756097561
226,1400,awareness,0.0009238599464601782,0.047311124699396516,0.002277904328018223,11.15609756097561
227,1400,knowledge,0.0011570924715132386,0.04593773728170083,0.004555808656036446,11.15609756097561
228,1400,science,0.0012996234590456645,0.040491757821711875,0.00683371298405467,11.15609756097561
229,1400,language,0.00388980022338493,0.07048574770670442,0.01366742596810934,11.15609756097561
230,1430,philosophy,0.0010410808243660405,0.08292331115317693,0.0044742729306487695,11.223021582733812
231,1430,awareness,0.000903603164485771,0.0467071229249502,0.0022371364653243847,11.223021582733812
232,1430,knowledge,0.001134815592466224,0.04530102002296741,0.0044742729306487695,11.223021582733812
233,1430,science,0.0012785422368865058,0.040008195450417526,0.006711409395973154,11.223021582733812
234,1430,language,0.0038306275230275077,0.07019778403656465,0.013422818791946308,11.223021582733812
235,1460,philosophy,0.0010277318729569004,0.08295514801338429,0.004395604395604396,11.273153575615474
236,1460,awareness,0.0008938372275364592,0.046939020417959575,0.002197802197802198,11.273153575615474
237,1460,knowledge,0.0011278512925055185,0.04567546763507228,0.004395604395604396,11.273153575615474
238,1460,science,0.0012774272927950205,0.040652341289283966,0.006593406593406593,11.273153575615474
239,1460,language,0.003781619039577327,0.06979349322006664,0.013186813186813187,11.273153575615474
240,1490,philosophy,0.0010079896811551166,0.0828920319431809,0.004310344827586207,11.283908045977011
241,1490,awareness,0.0008757562822463902,0.04652376974483596,0.0021551724137931034,11.283908045977011
242,1490,knowledge,0.0011089046434801975,0.045272051344498083,0.004310344827586207,11.283908045977011
243,1490,science,0.0012608570580156637,0.04043894155375046,0.00646551724137931,11.283908045977011
244,1490,language,0.0037176144166883186,0.07048318250051298,0.01293103448275862,11.283908045977011
245,1520,philosophy,0.0009948673886992108,0.0831899209566841,0.00425531914893617,11.240635641316686
246,1520,awareness,0.0008693784339882877,0.04722097685321582,0.002127659574468085,11.240635641316686
247,1520,knowledge,0.0011045289076808283,0.046241572541808953,0.00425531914893617,11.240635641316686
248,1520,science,0.0012514979537386662,0.041136191813370776,0.006382978723404256,11.240635641316686
249,1520,language,0.0036550071223460778,0.07025673406238843,0.012765957446808512,11.240635641316686
250,1550,philosophy,0.0009794874815391697,0.08337991377087305,0.0041797283176593526,11.241379310344827
251,1550,awareness,0.0008453260558940496,0.04674385681059763,0.0020898641588296763,11.241379310344827
252,1550,knowledge,0.001072200661863033,0.04562414957931778,0.0041797283176593526,11.241379310344827
253,1550,science,0.0012161787771895036,0.04064244128107516,0.006269592476489029,11.241379310344827
254,1550,language,0.0036027251130555426,0.07095463037326816,0.012539184952978058,11.241379310344827
255,1580,philosophy,0.0009633830043621308,0.08312632420192868,0.0041109969167523125,11.275711159737417
256,1580,awareness,0.0008198779785206743,0.0460617683712087,0.0020554984583761563,11.275711159737417
257,1580,knowledge,0.0010404114373505596,0.04496517815086221,0.0041109969167523125,11.275711159737417
258,1580,science,0.0011807509111513958,0.04008067522506472,0.006166495375128469,11.275711159737417
259,1580,language,0.0035886808300499527,0.07171531071959825,0.012332990750256938,11.275711159737417
260,1610,philosophy,0.000946778196525416,0.08292486679683812,0.004044489383215369,11.29094827586207
261,1610,awareness,0.0008119618837515703,0.04636659348262955,0.0020222446916076846,11.29094827586207
262,1610,knowledge,0.00101010101010101,0.044309673616256554,0.004044489383215369,11.29094827586207
263,1610,science,0.00114695999428052,0.0395174436246367,0.006066734074823054,11.29094827586207
264,1610,language,0.003509309474931315,0.07086120117556992,0.012133468149646108,11.29094827586207
265,1640,philosophy,0.0009287558232693392,0.08265821823612295,0.003980099502487562,11.291489361702128
266,1640,awareness,0.0008041304412331978,0.04680819646061928,0.001990049751243781,11.291489361702128
267,1640,knowledge,0.0010049157789580921,0.0449666225832861,0.003980099502487562,11.291489361702128
268,1640,science,0.0011384429739968152,0.04001914256840796,0.0059701492537313425,11.291489361702128
269,1640,language,0.0034192852833249262,0.06973466003316749,0.011940298507462685,11.291489361702128
270,1670,philosophy,0.0009076944560815527,0.08244122796466329,0.003913894324853229,11.25157894736842
271,1670,awareness,0.0007929174964084375,0.047267885548375424,0.0019569471624266144,11.25157894736842
272,1670,knowledge,0.0009832559545330203,0.04481056536923777,0.003913894324853229,11.25157894736842
273,1670,science,0.0011162059328210453,0.04002807793754786,0.005870841487279843,11.25157894736842
274,1670,language,0.0033199235585448573,0.0689136215110062,0.011741682974559686,11.25157894736842
275,1700,philosophy,0.0009002179475030797,0.08313064785103219,0.003857280617164899,11.228865979381442
276,1700,awareness,0.0008036001285760205,0.04858673986891078,0.0019286403085824494,11.228865979381442
277,1700,knowledge,0.0009801134516158401,0.04534549898047067,0.003857280617164899,11.228865979381442
278,1700,science,0.0011101759001714965,0.04039409763286694,0.0057859209257473485,11.228865979381442
279,1700,language,0.0032376259515461635,0.0681337977663962,0.011571841851494697,11.228865979381442
280,1730,philosophy,0.0008873795312325097,0.08315459581742164,0.004752851711026616,11.225609756097562
281,1730,awareness,0.0007844687819339277,0.048182353976433216,0.0019011406844106464,11.225609756097562
282,1730,knowledge,0.0009577921491736447,0.045037878240252134,0.0038022813688212928,11.225609756097562
283,1730,science,0.0010787574158930306,0.039818136164717695,0.005703422053231939,11.225609756097562
284,1730,language,0.0032028713904506045,0.06805934791299836,0.011406844106463879,11.225609756097562
285,1760,philosophy,0.0008732652939671996,0.08292970127890792,0.0046816479400749065,11.245490981963927
286,1760,awareness,0.0007751652810039835,0.04823973988210939,0.0018726591760299626,11.245490981963927
287,1760,knowledge,0.000950343875581155,0.045227356649258844,0.003745318352059925,11.245490981963927
288,1760,science,0.0010747206777309466,0.04021750335017008,0.0056179775280898875,11.245490981963927
289,1760,language,0.003144455772660227,0.06756212042956214,0.011235955056179775,11.245490981963927
290,1790,philosophy,0.0008644775671058178,0.08322219944216247,0.004621072088724584,11.238658777120316
291,1790,awareness,0.0007723121404054937,0.048665129485298324,0.0018484288354898336,11.238658777120316
292,1790,knowledge,0.0009515226923227906,0.045824854709232025,0.0036968576709796672,11.238658777120316
293,1790,science,0.0010744099279232228,0.040698456780695766,0.005545286506469501,11.238658777120316
294,1790,language,0.0030994891645886777,0.06753510605310106,0.011090573012939002,11.238658777120316
295,1820,philosophy,0.0008519087562629382,0.08308551962885809,0.004553734061930784,11.257531584062196
296,1820,awareness,0.0007566076794436406,0.04833513251156914,0.0018214936247723133,11.257531584062196
297,1820,knowledge,0.0009339505528291162,0.045577854267545646,0.0036429872495446266,11.257531584062196
298,1820,science,0.001049969255043913,0.04016940534347706,0.00546448087431694,11.257531584062196
299,1820,language,0.0030736669036763014,0.06792758494801558,0.01092896174863388,11.257531584062196
300,1850,philosophy,0.0008404025544366319,0.08293905801389126,0.004492362982929021,11.277085330776606
301,1850,awareness,0.000744425679217861,0.04798801073109115,0.0017969451931716084,11.277085330776606
302,1850,knowledge,0.0009210553907549267,0.045268472765872335,0.0035938903863432167,11.277085330776606
303,1850,science,0.0010380020034164543,0.03999115111222369,0.005390835579514825,11.277085330776606
304,1850,language,0.0030365792873837997,0.068074525539898,0.01078167115902965,11.277085330776606
305,1880,philosophy,0.0008232496961630627,0.08261078750913732,0.004420866489832007,11.270142180094787
306,1880,awareness,0.0007287400061860887,0.047833467038662654,0.0017683465959328027,11.270142180094787
307,1880,knowledge,0.0009037000934161894,0.04525434637122577,0.0035366931918656055,11.270142180094787
308,1880,science,0.0010208608661149174,0.040156581801144134,0.005305039787798408,11.270142180094787
309,1880,language,0.00297900791381966,0.06792801378686007,0.010610079575596816,11.270142180094787
310,1910,philosophy,0.0008093463499394133,0.082249214586378,0.004366812227074236,11.266227657572907
311,1910,awareness,0.0007156084958503852,0.04760983317370389,0.0017467248908296944,11.266227657572907
312,1910,knowledge,0.000888604372908998,0.04511992998714232,0.0034934497816593887,11.266227657572907
313,1910,science,0.0010021567327404223,0.03993192746600549,0.005240174672489083,11.266227657572907
314,1910,language,0.0029333089462493427,0.06777351040434612,0.010480349344978166,11.266227657572907
315,1940,philosophy,0.0007989545279040067,0.08198478385252912,0.004310344827586207,11.303621169916434
316,1940,awareness,0.0007046541328818795,0.047390801785307496,0.0017241379310344827,11.303621169916434
317,1940,knowledge,0.0008769194214262377,0.0449664605387276,0.0034482758620689655,11.303621169916434
318,1940,science,0.0009912679319255102,0.03991397307609243,0.005172413793103448,11.303621169916434
319,1940,language,0.002904749175799697,0.0675943695238757,0.010344827586206896,11.303621169916434
320,1970,philosophy,0.0007879952154844323,0.08176514656731691,0.004258943781942078,11.313419117647058
321,1970,awareness,0.0006952046105331835,0.04736676297976599,0.0017035775127768314,11.313419117647058
322,1970,knowledge,0.00086701221501323,0.04505066649981656,0.0034071550255536627,11.313419117647058
323,1970,science,0.0009822755446011091,0.04014511331882762,0.0051107325383304945,11.313419117647058
324,1970,language,0.0028663597810721668,0.06730019777747875,0.010221465076660989,11.313419117647058
325,2000,philosophy,0.0007758457559765353,0.08209400063828984,0.0041876046901172526,11.283393501805055
326,2000,awareness,0.0006805295655403937,0.04709678762767539,0.0016750418760469012,11.283393501805055
327,2000,knowledge,0.0008508371705108526,0.04487748437965709,0.0033500837520938024,11.283393501805055
328,2000,science,0.0009664781368488186,0.04014130324906563,0.005025125628140704,11.283393501805055
329,2000,language,0.002800613948403103,0.06689049969612072,0.010050251256281407,11.283393501805055
330,2030,philosophy,0.0007651260584357362,0.0820900768651646,0.004128819157720892,11.286476868327401
331,2030,awareness,0.0006806419700599291,0.047464455175053544,0.0016515276630883566,11.286476868327401
332,2030,knowledge,0.0008557420564517228,0.04535704486096354,0.0033030553261767133,11.286476868327401
333,2030,science,0.0009776989259619603,0.040862237724335164,0.00495458298926507,11.286476868327401
334,2030,language,0.0027321064063466627,0.06626850955603396,0.00990916597853014,11.286476868327401
335,2060,philosophy,0.0007569694544484461,0.08216014092340033,0.004084967320261438,11.276408450704226
336,2060,awareness,0.0006782713085234094,0.04778708098531042,0.0016339869281045752,11.276408450704226
337,2060,knowledge,0.0008516740029345072,0.04570128350710574,0.0032679738562091504,11.276408450704226
338,2060,science,0.0009677204215019342,0.04092587595690672,0.004901960784313725,11.276408450704226
339,2060,language,0.0026884086968120583,0.0659791069986047,0.00980392156862745,11.276408450704226
340,2090,philosophy,0.0007473161602245848,0.08172034771776232,0.004032258064516129,11.338835794960904
341,2090,awareness,0.0006673858230875205,0.04719436613656416,0.0016129032258064516,11.338835794960904
342,2090,knowledge,0.0008395934600088379,0.04506282962399712,0.0032258064516129032,11.338835794960904
343,2090,science,0.0009559148449481428,0.04036423682286235,0.004838709677419355,11.338835794960904
344,2090,language,0.002664994411374802,0.06594693028095733,0.00967741935483871,11.338835794960904
345,2120,philosophy,0.0007355624558820372,0.08166491550436303,0.0039745627980922104,11.330188679245284
346,2120,awareness,0.0006610591341703803,0.04743273069805253,0.001589825119236884,11.330188679245284
347,2120,knowledge,0.0008252189955689466,0.045156808494085765,0.003179650238473768,11.330188679245284
348,2120,science,0.0009413936667125473,0.04062155821648393,0.005564387917329094,11.330188679245284
349,2120,language,0.0026114045644018077,0.06560195874897574,0.009538950715421305,11.330188679245284
350,2150,philosophy,0.0007246911303706436,0.08150020447739535,0.00392156862745098,11.336440677966102
351,2150,awareness,0.0006447845595918618,0.04689758830361413,0.001568627450980392,11.336440677966102
352,2150,knowledge,0.0008052123670784928,0.044665938274650784,0.003137254901960784,11.336440677966102
353,2150,science,0.00091892556395599,0.04020662649731963,0.005490196078431373,11.336440677966102
354,2150,language,0.002576679574651177,0.06542424200844323,0.009411764705882352,11.336440677966102
355,2180,philosophy,0.00071849283595806,0.08229941668888394,0.0038639876352395673,11.296265560165976
356,2180,awareness,0.0006510595382310993,0.04840577508886683,0.0015455950540958269,11.296265560165976
357,2180,knowledge,0.000796070966086422,0.04507284416926552,0.0030911901081916537,11.296265560165976
358,2180,science,0.0009112446515846824,0.040822438800510244,0.005409582689335394,11.296265560165976
359,2180,language,0.0025183054549360578,0.06472496302109361,0.00927357032457496,11.296265560165976
360,2210,philosophy,0.000707544975907425,0.08207336674255641,0.003813882532418002,11.301313628899836
361,2210,awareness,0.0006447554464102994,0.04836948641816543,0.0015255530129672007,11.301313628899836
362,2210,knowledge,0.0007912643485702592,0.04512211130556158,0.0030511060259344014,11.301313628899836
363,2210,science,0.0009040529478521331,0.040705929242136514,0.005339435545385202,11.301313628899836
364,2210,language,0.0024697214935536084,0.06440997772706632,0.009153318077803204,11.301313628899836
365,2240,philosophy,0.0007011343555834236,0.08228962379461936,0.0037764350453172203,11.280259951259138
366,2240,awareness,0.0006390013110642421,0.04846695437738818,0.0015105740181268882,11.280259951259138
367,2240,knowledge,0.0007860685173573504,0.04533465024401581,0.0030211480362537764,11.280259951259138
368,2240,science,0.0008909536567291797,0.04047891264219516,0.005287009063444109,11.280259951259138
369,2240,language,0.0024494100210910334,0.06487164436771688,0.00906344410876133,11.280259951259138
370,2270,philosophy,0.0006934789639157557,0.08217416615462927,0.003728560775540641,11.316253002401922
371,2270,awareness,0.000639578755983201,0.04852412542464572,0.0014914243102162564,11.316253002401922
372,2270,knowledge,0.0007912772793397725,0.04541708434835289,0.002982848620432513,11.316253002401922
373,2270,science,0.0009018560564385187,0.0407446489812161,0.005219985085756897,11.316253002401922
374,2270,language,0.0023993927613687764,0.06436873328678569,0.008948545861297539,11.316253002401922
375,2300,philosophy,0.0006808855390469542,0.08182557163834697,0.003671071953010279,11.332806324110672
376,2300,awareness,0.0006232472853459857,0.04802061089857033,0.0014684287812041115,11.332806324110672
377,2300,knowledge,0.0007719216593783903,0.04499193807683684,0.002936857562408223,11.332806324110672
378,2300,science,0.000880734063561527,0.04043012382308323,0.005139500734214391,11.332806324110672
379,2300,language,0.0023750192576408396,0.0646960614058325,0.008810572687224669,11.332806324110672
380,2330,philosophy,0.0006736660676188374,0.08216636057832075,0.0036258158085569255,11.305533904910366
381,2330,awareness,0.0006237454151821841,0.048785708944451285,0.0014503263234227702,11.305533904910366
382,2330,knowledge,0.0007672016058685667,0.045589735997759465,0.0029006526468455403,11.305533904910366
383,2330,science,0.0008696703135016973,0.0406475042162173,0.005076142131979696,11.305533904910366
384,2330,language,0.0023278788452039388,0.06426615724504288,0.00870195794053662,11.305533904910366
385,2360,philosophy,0.0006681324902113205,0.0825658899347763,0.0035816618911174783,11.29601226993865
386,2360,awareness,0.0006178815431347976,0.04890763360921397,0.0014326647564469914,11.29601226993865
387,2360,knowledge,0.0007624812071713228,0.045839472701544016,0.0028653295128939827,11.29601226993865
388,2360,science,0.0008670852194530645,0.04107126054203252,0.0050143266475644694,11.29601226993865
389,2360,language,0.002311030800753969,0.0648635360149203,0.009312320916905445,11.29601226993865
390,2390,philosophy,0.0006606666126121256,0.08227388705019217,0.0035385704175513095,11.345950037850114
391,2390,awareness,0.0006081135866088884,0.04849480125632741,0.0014154281670205238,11.345950037850114
392,2390,knowledge,0.0007517585243510702,0.045447860487430124,0.0028308563340410475,11.345950037850114
393,2390,science,0.0008563640713479901,0.04076992136882861,0.004953998584571833,11.345950037850114
394,2390,language,0.002294314963798473,0.06479037605793561,0.009200283085633405,11.345950037850114
395,2420,philosophy,0.0006525163055978979,0.08238730041911388,0.003491620111731844,11.341044776119404
396,2420,awareness,0.0006028100597644509,0.048758081153677246,0.0013966480446927375,11.341044776119404
397,2420,knowledge,0.0007451063713660835,0.045733692121718794,0.002793296089385475,11.341044776119404
398,2420,science,0.0008474427598467099,0.04092517721004127,0.004888268156424581,11.341044776119404
399,2420,language,0.0022611468692862184,0.0647148050008801,0.009078212290502794,11.341044776119404
400,2450,philosophy,0.0006443126758734971,0.08197750708132727,0.003455425017277125,11.372316802368616
401,2450,awareness,0.0005913358558572318,0.0483647161660245,0.00138217000691085,11.372316802368616
402,2450,knowledge,0.0007311755699542205,0.045391719545140416,0.0027643400138217,11.372316802368616
403,2450,science,0.0008299701802548233,0.040500935566537034,0.004837595024187975,11.372316802368616
404,2450,language,0.002247935335825312,0.06461344310567592,0.008984105044920525,11.372316802368616
405,2480,philosophy,0.0006367741265862081,0.08174988372401505,0.003419972640218878,11.387380777696258
406,2480,awareness,0.0005830083229464034,0.04808514982342014,0.0013679890560875513,11.387380777696258
407,2480,knowledge,0.0007218643549552902,0.045154577294116274,0.0027359781121751026,11.387380777696258
408,2480,science,0.0008205129164161491,0.040350629224486505,0.0047879616963064295,11.387380777696258
409,2480,language,0.002228241914324426,0.06469197581661727,0.008891928864569083,11.387380777696258
410,2510,philosophy,0.0006294711435971897,0.0816676808758903,0.003382949932341002,11.391430646332607
411,2510,awareness,0.0005750328688238863,0.04783726518882659,0.0013531799729364006,11.391430646332607
412,2510,knowledge,0.0007118147524979849,0.04493696324977559,0.0027063599458728013,11.391430646332607
413,2510,science,0.0008101696186850458,0.04022560137442893,0.004736129905277402,11.391430646332607
414,2510,language,0.002209096041010777,0.06504485114746264,0.008795669824086604,11.391430646332607
415,2540,philosophy,0.0006218855354528483,0.0817277082508885,0.0033467202141900937,11.367625899280576
416,2540,awareness,0.0005717406974609699,0.04809399409937484,0.0013386880856760374,11.367625899280576
417,2540,knowledge,0.0007047140624930044,0.045100812246942776,0.002677376171352075,11.367625899280576
418,2540,science,0.0008036605731734072,0.04052489495437759,0.004685408299866131,11.367625899280576
419,2540,language,0.0021620484166319683,0.0643482530093372,0.008701472556894243,11.367625899280576
420,2570,philosophy,0.0006125447419246549,0.08134302976119984,0.0033025099075297227,11.400426742532005
421,2570,awareness,0.0005610997031010895,0.04786746428600372,0.001321003963011889,11.400426742532005
422,2570,knowledge,0.000692764124496994,0.04497214963664355,0.002642007926023778,11.400426742532005
423,2570,science,0.0007912944530912801,0.04052046371385751,0.004623513870541612,11.400426742532005
424,2570,language,0.0021388928853255207,0.06402492006684724,0.008586525759577279,11.400426742532005
425,2600,philosophy,0.0006088274869409062,0.08157833391747858,0.0032658393207054214,11.425472358292513
426,2600,awareness,0.0005615026612753315,0.04816045148671329,0.0013063357282821686,11.425472358292513
427,2600,knowledge,0.000691539344410469,0.04530536374489538,0.002612671456564337,11.425472358292513
428,2600,science,0.0007925842424531825,0.041022295355343893,0.0045721750489875895,11.425472358292513
429,2600,language,0.0021155476121854176,0.06390972794277112,0.008491182233834096,11.425472358292513
430,2630,philosophy,0.0006022616047814406,0.08122323453857892,0.0032278889606197547,11.485141672425708
431,2630,awareness,0.0005543638976238572,0.0478609621327769,0.0012911555842479018,11.485141672425708
432,2630,knowledge,0.0006793144380349445,0.04476669012934027,0.0025823111684958036,11.485141672425708
433,2630,science,0.0007792748703638143,0.04053942271998858,0.004519044544867656,11.485141672425708
434,2630,language,0.0020987525771048957,0.06358135663825296,0.008392511297611361,11.485141672425708
435,2660,philosophy,0.0005968422585591025,0.08114394814059882,0.003198976327575176,11.495890410958904
436,2660,awareness,0.0005502075652926614,0.04790603634262007,0.0012795905310300703,11.495890410958904
437,2660,knowledge,0.000675793976106674,0.044894007844652785,0.0025591810620601407,11.495890410958904
438,2660,science,0.0007735632014635112,0.04053929136305506,0.005118362124120281,11.495890410958904
439,2660,language,0.002078516460410418,0.06339159028017727,0.008317338451695458,11.495890410958904
440,2690,philosophy,0.0005907158753083175,0.08110446802709037,0.0031705770450221942,11.485384092454114
441,2690,awareness,0.0005453071039410795,0.047934995506133275,0.0012682308180088776,11.485384092454114
442,2690,knowledge,0.0006710853821529865,0.04501214720505079,0.0025364616360177552,11.485384092454114
443,2690,science,0.0007679306379008128,0.04064215349165379,0.0050729232720355105,11.485384092454114
444,2690,language,0.0020558519850866343,0.06339964380083779,0.008243500317057704,11.485384092454114
445,2720,philosophy,0.000584316933504733,0.08088503531205637,0.0031426775612822125,11.49291019581364
446,2720,awareness,0.0005397035460141689,0.0477532414620514,0.001257071024512885,11.49291019581364
447,2720,knowledge,0.0006640682987533519,0.04479744014627735,0.00251414204902577,11.49291019581364
448,2720,science,0.0007607964397727165,0.04049529508525836,0.00502828409805154,11.49291019581364
449,2720,language,0.0020336598138397835,0.06332536313105867,0.008170961659333752,11.49291019581364
450,2750,philosophy,0.0005802710939432455,0.08075635109036804,0.0031191515907673115,11.517749497655727
451,2750,awareness,0.000533211574930422,0.04749582687580048,0.0012476606363069245,11.517749497655727
452,2750,knowledge,0.0006553329713769227,0.044499660371617365,0.002495321272613849,11.517749497655727
453,2750,science,0.000751007695981506,0.04023618957098416,0.004990642545227698,11.517749497655727
454,2750,language,0.002030559907156625,0.06350723080211397,0.008109794135995009,11.517749497655727
455,2780,philosophy,0.0005744740867467338,0.08066034097871774,0.0030921459492888066,11.51595744680851
456,2780,awareness,0.0005278434556202524,0.04748937698246454,0.0012368583797155227,11.51595744680851
457,2780,knowledge,0.0006486244346035976,0.04451365459579343,0.0024737167594310453,11.51595744680851
458,2780,science,0.0007395923871290284,0.039909468125235756,0.004947433518862091,11.51595744680851
459,2780,language,0.0020062637933024653,0.063137287341109,0.008039579468150898,11.51595744680851
460,2810,philosophy,0.0005682540394637476,0.08057296641665472,0.003058103975535168,11.530571992110454
461,2810,awareness,0.0005177841083271648,0.04704950689608587,0.0012232415902140672,11.530571992110454
462,2810,knowledge,0.0006366688350044488,0.04410707891389976,0.0024464831804281344,11.530571992110454
463,2810,science,0.0007263931570250405,0.039567794699959295,0.004892966360856269,11.530571992110454
464,2810,language,0.002001600083742701,0.06379567755911278,0.007951070336391437,11.530571992110454
465,2840,philosophy,0.0005637944024845178,0.08068641932198138,0.0030321406913280777,11.521824104234527
466,2840,awareness,0.0005163827480382969,0.04730139478471801,0.001212856276531231,11.521824104234527
467,2840,knowledge,0.0006325229248212875,0.04406017796163117,0.002425712553062462,11.521824104234527
468,2840,science,0.0007229358472536156,0.03960940178846189,0.004851425106124924,11.521824104234527
469,2840,language,0.0019780583273609352,0.06367916507466234,0.007883565797453002,11.521824104234527
470,2870,philosophy,0.0005588810295494858,0.08105751275886273,0.0029994001199760045,11.493247588424437
471,2870,awareness,0.0005168031141973044,0.04797588419021129,0.0011997600479904018,11.493247588424437
472,2870,knowledge,0.0006297301690740988,0.04457643670216546,0.0023995200959808036,11.493247588424437
473,2870,science,0.0007174824028000155,0.039885427740189223,0.004799040191961607,11.493247588424437
474,2870,language,0.0019456540346606936,0.06344612177830627,0.007798440311937611,11.493247588424437
475,2900,philosophy,0.0005549185447482212,0.08126871392154002,0.0029744199881023203,11.477707006369426
476,2900,awareness,0.0005110626495609812,0.047907231548831454,0.001189767995240928,11.477707006369426
477,2900,knowledge,0.0006235318001218062,0.044589641978700384,0.002379535990481856,11.477707006369426
478,2900,science,0.0007112435904962861,0.03998750251703052,0.004759071980963712,11.477707006369426
479,2900,language,0.0019356718899980973,0.0638943543005064,0.007733491969066033,11.477707006369426
480,2930,philosophy,0.0005459959145518124,0.08079931813435384,0.002942907592701589,11.480354879594424
481,2930,awareness,0.0005009867396046116,0.04750171817277471,0.0011771630370806356,11.480354879594424
482,2930,knowledge,0.000611432330436589,0.04423881055352252,0.002354326074161271,11.480354879594424
483,2930,science,0.000697642211681612,0.03970045892411817,0.004708652148322542,11.480354879594424
484,2930,language,0.0019118512619880205,0.06380519595818769,0.007651559741024131,11.480354879594424
485,2960,philosophy,0.0005436740130617681,0.08109036127022982,0.0029154518950437317,11.49781386633354
486,2960,awareness,0.0004957627406606998,0.04742548731417006,0.0011661807580174927,11.49781386633354
487,2960,knowledge,0.0006021189694659082,0.04400038173269989,0.0023323615160349854,11.49781386633354
488,2960,science,0.0006874078302649731,0.039527544898114185,0.004664723032069971,11.49781386633354
489,2960,language,0.0019167906923008963,0.06453580578260339,0.007580174927113702,11.49781386633354
490,2990,philosophy,0.0005395881878997182,0.08091127920183401,0.002891844997108155,11.530030959752322
491,2990,awareness,0.0004917808081787395,0.04729781906033161,0.001156737998843262,11.530030959752322
492,2990,knowledge,0.0005964221358197629,0.043810520455116055,0.002313475997686524,11.530030959752322
493,2990,science,0.0006816730576998299,0.03940163521934146,0.004626951995373048,11.530030959752322
494,2990,language,0.0019046058900029086,0.06433591032963917,0.007518796992481203,11.530030959752322
495,3020,philosophy,0.0005328314447091702,0.08063854555302431,0.002860411899313501,11.549693251533743
496,3020,awareness,0.000486384504777493,0.04705266771764359,0.0011441647597254005,11.549693251533743
497,3020,knowledge,0.0005874556627978329,0.04350892117575948,0.002288329519450801,11.549693251533743
498,3020,science,0.0006721722645042018,0.03917625496385298,0.004576659038901602,11.549693251533743
499,3020,language,0.00187946561160153,0.06420767688527453,0.007437070938215103,11.549693251533743
500,3050,philosophy,0.0005295935731070647,0.0807681073331517,0.002836074872376631,11.559466019417476
501,3050,awareness,0.0004890782177873986,0.04745413807313852,0.0011344299489506524,11.559466019417476
502,3050,knowledge,0.0005929390095989237,0.0439272342886812,0.0022688598979013048,11.559466019417476
503,3050,science,0.0006813653803362903,0.03975206753622584,0.0045377197958026095,11.559466019417476
504,3050,language,0.0018498796758257094,0.06372102476838722,0.007373794668179241,11.559466019417476
505,3080,philosophy,0.0005235866633824077,0.08056884636533172,0.002810567734682406,11.560578661844485
506,3080,awareness,0.00048474398570084196,0.047416864986193796,0.0011242270938729624,11.560578661844485
507,3080,knowledge,0.0005842191358609495,0.043663737577549516,0.0022484541877459247,11.560578661844485
508,3080,science,0.0006704309326663762,0.03943498884476961,0.004496908375491849,11.560578661844485
509,3080,language,0.0018256058510335944,0.06346856882608536,0.007307476110174255,11.560578661844485
510,3110,philosophy,0.0005198386450657251,0.08067903289359242,0.002787068004459309,11.558805970149253
511,3110,awareness,0.0004810215419395509,0.047474141365921665,0.0011148272017837235,11.558805970149253
512,3110,knowledge,0.000577287957692463,0.04354315040394019,0.002229654403567447,11.558805970149253
513,3110,science,0.0006629961213950557,0.039382012550054246,0.004459308807134894,11.558805970149253
514,3110,language,0.001814777205354897,0.06367422804761698,0.007246376811594203,11.558805970149253
515,3140,philosophy,0.0005150033581875782,0.08061155610870258,0.0027609055770292656,11.569485511531639
516,3140,awareness,0.0004750829795351683,0.047308504906678435,0.0011043622308117063,11.569485511531639
517,3140,knowledge,0.0005692463154404711,0.0433150929952713,0.0022087244616234127,11.569485511531639
518,3140,science,0.0006542675798986571,0.039218646658007415,0.004417448923246825,11.569485511531639
519,3140,language,0.0018043401679459473,0.06388060935315364,0.007178354500276091,11.569485511531639
520,3170,philosophy,0.0005118961788031723,0.0806880600558622,0.0027412280701754384,11.571260997067448
521,3170,awareness,0.0004725426580149002,0.047477424638130226,0.0010964912280701754,11.571260997067448
522,3170,knowledge,0.0005674717615957702,0.04359092503666723,0.0021929824561403508,11.571260997067448
523,3170,science,0.0006521869742850276,0.039464549022642376,0.0043859649122807015,11.571260997067448
524,3170,language,0.001793439077144917,0.06380851117693223,0.00712719298245614,11.571260997067448
525,3200,philosophy,0.0005071676546300451,0.08070482644570248,0.002717391304347826,11.562536358347877
526,3200,awareness,0.00046790496658243394,0.0473939034931304,0.0010869565217391304,11.562536358347877
527,3200,knowledge,0.0005611907517181116,0.043431543851129885,0.002173913043478261,11.562536358347877
528,3200,science,0.0006456202914295161,0.0393729198584183,0.004347826086956522,11.562536358347877
529,3200,language,0.001772725125758685,0.0636512621938114,0.007065217391304348,11.562536358347877
530,3230,philosophy,0.0005031437791314741,0.08076461739142134,0.0026925148088314485,11.568221070811745
531,3230,awareness,0.00046807442586251774,0.047636445985783,0.0010770059235325794,11.568221070811745
532,3230,knowledge,0.0005640079459618945,0.04375378244146907,0.002154011847065159,11.568221070811745
533,3230,science,0.0006512465850854968,0.03983972511284637,0.004308023694130318,11.568221070811745
534,3230,language,0.0017465117586672025,0.063349258871059,0.007000538502961767,11.568221070811745
535,3260,philosophy,0.0004977588046958378,0.080732864145082,0.0026680896478121665,11.553714285714285
536,3260,awareness,0.0004630380647456421,0.0476113538451609,0.0010672358591248667,11.553714285714285
537,3260,knowledge,0.0005589469939523301,0.04382429461611478,0.0021344717182497333,11.553714285714285
538,3260,science,0.0006463180362860192,0.04000753137992004,0.004268943436499467,11.553714285714285
539,3260,language,0.001720953397367485,0.06300286806948065,0.006937033084311634,11.553714285714285
540,3290,philosophy,0.0004946852117661213,0.08092553370236004,0.002645502645502646,11.552854720180893
541,3290,awareness,0.00046250828905508964,0.04801710462790537,0.0010582010582010583,11.552854720180893
542,3290,knowledge,0.0005604380538277947,0.04437153728388413,0.0021164021164021165,11.552854720180893
543,3290,science,0.0006499738387628392,0.04071121179995837,0.004232804232804233,11.552854720180893
544,3290,language,0.0017036981077171451,0.06275421464678572,0.0068783068783068784,11.552854720180893
545,3320,philosophy,0.0004902325299578896,0.08074580540525939,0.0026246719160104987,11.565412689500281
546,3320,awareness,0.0004574585574494689,0.04774588019381126,0.0010498687664041995,11.565412689500281
547,3320,knowledge,0.0005549542403736784,0.04411927975122206,0.002099737532808399,11.565412689500281
548,3320,science,0.0006441875772873617,0.04050498212610302,0.004199475065616798,11.565412689500281
549,3320,language,0.001692403874489456,0.0628882020588548,0.0068241469816272965,11.565412689500281
550,3350,philosophy,0.00048600048600048594,0.08099228953403637,0.002598752598752599,11.544697390338701
551,3350,awareness,0.0004549504549504549,0.04807990703084648,0.0010395010395010396,11.544697390338701
552,3350,knowledge,0.0005497205497205496,0.04408136493007342,0.002079002079002079,11.544697390338701
553,3350,science,0.0006390906390906391,0.040558306811658014,0.004158004158004158,11.544697390338701
554,3350,language,0.001674271674271674,0.06297673280191844,0.006756756756756757,11.544697390338701
555,3380,philosophy,0.0004829976832078071,0.08101260611705212,0.0025799793601651187,11.55396475770925
556,3380,awareness,0.00045266063864268867,0.04816628133641597,0.0010319917440660474,11.55396475770925
557,3380,knowledge,0.0005465990310241519,0.04412571096799166,0.0020639834881320948,11.55396475770925
558,3380,science,0.0006362795925894583,0.04067807404455164,0.0041279669762641896,11.55396475770925
559,3380,language,0.0016632151625613192,0.0628920556870839,0.006707946336429308,11.55396475770925
560,3410,philosophy,0.0004780359729914905,0.0808194301327362,0.002557544757033248,11.563149261891745
561,3410,awareness,0.00044534751750793675,0.04778577065501123,0.0010230179028132991,11.563149261891745
562,3410,knowledge,0.0005379212234373611,0.043781975141150155,0.0020460358056265983,11.563149261891745
563,3410,science,0.0006263108070648904,0.04037025977903853,0.004092071611253197,11.563149261891745
564,3410,language,0.0016490672022343212,0.06273807550566113,0.006649616368286444,11.563149261891745
565,3440,philosophy,0.0004744579202602271,0.08075003317472654,0.002535496957403651,11.586356253383865
566,3440,awareness,0.0004382181766217157,0.0474179410889383,0.0010141987829614604,11.586356253383865
567,3440,knowledge,0.0005294600843640671,0.043452102191053485,0.002028397565922921,11.586356253383865
568,3440,science,0.0006165896807715519,0.04007660104904791,0.004056795131845842,11.586356253383865
569,3440,language,0.001651350020407345,0.06325683136075357,0.006592292089249493,11.586356253383865
570,3470,philosophy,0.0004703611705461759,0.08068054876433046,0.0025163563160543532,11.58364712210866
571,3470,awareness,0.00043618530508668515,0.04753287757864006,0.0010065425264217413,11.58364712210866
572,3470,knowledge,0.0005283335645478305,0.04365103284475324,0.0020130850528434826,11.58364712210866
573,3470,science,0.0006164313510656288,0.04037353911536096,0.004026170105686965,11.58364712210866
574,3470,language,0.0016318342870509418,0.06299449825224504,0.006542526421741319,11.58364712210866
575,3500,philosophy,0.0004654366078820894,0.08047064658795001,0.0024937655860349127,11.596369460758142
576,3500,awareness,0.0004303796838909705,0.04737584754629866,0.000997506234413965,11.596369460758142
577,3500,knowledge,0.0005211298772013137,0.04352400388961324,0.00199501246882793,11.596369460758142
578,3500,science,0.0006083992411792055,0.040310676005375176,0.00399002493765586,11.596369460758142
579,3500,language,0.0016200774235895804,0.06291884058814456,0.006483790523690773,11.596369460758142
580,3530,philosophy,0.0004627157421333425,0.0805331909986075,0.0024752475247524753,11.605820105820106
581,3530,awareness,0.00042450311334943494,0.0471089134037119,0.0009900990099009901,11.605820105820106
582,3530,knowledge,0.0005141558193424489,0.04330141123671981,0.0019801980198019802,11.605820105820106
583,3530,science,0.0006003791868548558,0.04012504258432768,0.0039603960396039604,11.605820105820106
584,3530,language,0.0016235468178188428,0.06356208361151754,0.006435643564356436,11.605820105820106
585,3560,philosophy,0.0004586080882842271,0.08042817551322261,0.002455795677799607,11.609038360483448
586,3560,awareness,0.0004183412372098496,0.046787342472424505,0.0009823182711198428,11.609038360483448
587,3560,knowledge,0.0005068318620259965,0.04301483046011823,0.0019646365422396855,11.609038360483448
588,3560,science,0.0005919468226802195,0.0398708959192517,0.003929273084479371,11.609038360483448
589,3560,language,0.0016183898467737813,0.06399321023396021,0.006385068762278978,11.609038360483448
590,3590,philosophy,0.0004564103173942515,0.0805945183504058,0.0024390243902439024,11.608854166666667
591,3590,awareness,0.0004188319796411031,0.04705482032398799,0.000975609756097561,11.608854166666667
592,3590,knowledge,0.0005092102603132321,0.04336158035474392,0.001951219512195122,11.608854166666667
593,3590,science,0.0005943561142096063,0.04014785715390445,0.003902439024390244,11.608854166666667
594,3590,language,0.0016030252940267091,0.0638794534542204,0.006341463414634147,11.608854166666667
595,3620,philosophy,0.0004528524783828572,0.08046501521077792,0.002421307506053269,11.621314019658563
596,3620,awareness,0.00041417718907997347,0.04682209395057458,0.0009685230024213075,11.621314019658563
597,3620,knowledge,0.0005039507394012128,0.04316056400637151,0.001937046004842615,11.621314019658563
598,3620,science,0.0005885675844820676,0.03998681783437158,0.00387409200968523,11.621314019658563
599,3620,language,0.0015962346675917484,0.06405187150494278,0.006295399515738499,11.621314019658563
600,3650,philosophy,0.0004502145984340402,0.08050734144212617,0.0024061597690086625,11.620246659815004
601,3650,awareness,0.0004099383310162906,0.04660725819418349,0.0009624639076034649,11.620246659815004
602,3650,knowledge,0.0004976665226905843,0.04289055085329989,0.0019249278152069298,11.620246659815004
603,3650,science,0.0005812282039423522,0.03973665968622585,0.0038498556304138597,11.620246659815004
604,3650,language,0.0015941531822186298,0.0645756344128763,0.006256015399422522,11.620246659815004
605,3680,philosophy,0.00044698045196363376,0.08041308100608771,0.002388915432393693,11.633673469387755
606,3680,awareness,0.0004049976019578611,0.046339364049037324,0.0009555661729574773,11.633673469387755
607,3680,knowledge,0.0004919294815893795,0.042650848116686624,0.0019111323459149545,11.633673469387755
608,3680,science,0.0005747543432855505,0.0395296064653983,0.003822264691829909,11.633673469387755
609,3680,language,0.0015905567792947886,0.06487686191072736,0.006211180124223602,11.633673469387755
610,3710,philosophy,0.0004439885481574475,0.08038194063696501,0.0023730422401518746,11.637607704004054
611,3710,awareness,0.0004027867711225525,0.04637214640220107,0.0009492168960607499,11.637607704004054
612,3710,knowledge,0.0004901435442894337,0.042746070167231975,0.0018984337921214998,11.637607704004054
613,3710,science,0.0005734476836496039,0.03969752249679374,0.0037968675842429997,11.637607704004054
614,3710,language,0.001577375136100952,0.06465174336335307,0.006169909824394875,11.637607704004054
615,3740,philosophy,0.00044112108120084194,0.0804382447386265,0.0023540489642184556,11.647590361445783
616,3740,awareness,0.0003985820316827296,0.046245618058588234,0.0009416195856873823,11.647590361445783
617,3740,knowledge,0.00048432480336767475,0.04258048758540458,0.0018832391713747645,11.647590361445783
618,3740,science,0.0005669657693585909,0.03958030171375927,0.003766478342749529,11.647590361445783
619,3740,language,0.0015739448321701562,0.06502145678478333,0.006120527306967985,11.647590361445783
620,3770,philosophy,0.0004367050722453063,0.08016835430439456,0.002337540906965872,11.6515
621,3770,awareness,0.00039432348944611203,0.0460157907590385,0.0009350163627863488,11.6515
622,3770,knowledge,0.000479523578578513,0.0423779710462151,0.0018700327255726976,11.6515
623,3770,science,0.0005616652029728277,0.039412976493298495,0.0037400654511453952,11.6515
624,3770,language,0.0015595985546569494,0.06494210872770541,0.006077606358111267,11.6515
625,3800,philosophy,0.0004340642777390362,0.08019530343879229,0.0023223409196470044,11.652929493545184
626,3800,awareness,0.00039007564750616813,0.04585850324973412,0.0009289363678588017,11.652929493545184
627,3800,knowledge,0.0004746028193261891,0.042268571489709326,0.0018578727357176034,11.652929493545184
628,3800,science,0.0005561111635812093,0.0393447052144902,0.0037157454714352067,11.652929493545184
629,3800,language,0.001557499393000029,0.06534033420563523,0.006038086391082211,11.652929493545184
630,3830,philosophy,0.00043225238250604024,0.08018744686060272,0.0023094688221709007,11.670118343195266
631,3830,awareness,0.0003891764174018369,0.04592676236766799,0.0009237875288683603,11.670118343195266
632,3830,knowledge,0.0004744753582022395,0.04238253510516111,0.0018475750577367205,11.670118343195266
633,3830,science,0.000556788836074628,0.03952352794606032,0.003695150115473441,11.670118343195266
634,3830,language,0.0015492420122873124,0.06516744103461296,0.006004618937644342,11.670118343195266
635,3860,philosophy,0.0004298481498197799,0.08019574421442512,0.002295684113865932,11.673689367956884
636,3860,awareness,0.0003866526249604392,0.04588034507010362,0.0009182736455463728,11.673689367956884
637,3860,knowledge,0.0004719901252923073,0.04238132162256471,0.0018365472910927456,11.673689367956884
638,3860,science,0.0005543776873410984,0.03957387188762443,0.0036730945821854912,11.673689367956884
639,3860,language,0.001542607012171867,0.06530201730774797,0.005968778696051423,11.673689367956884
640,3890,philosophy,0.0004272621573990479,0.08017598447168957,0.0022820629849383844,11.67559668777399
641,3890,awareness,0.0003820789760366729,0.04560812029332984,0.0009128251939753537,11.67559668777399
642,3890,knowledge,0.00046640703341806395,0.04212985782471289,0.0018256503879507074,11.67559668777399
643,3890,science,0.0005478200468405921,0.039339065710290284,0.003651300775901415,11.67559668777399
644,3890,language,0.001536019948895115,0.06534207814761898,0.005933363760839799,11.67559668777399
645,3920,philosophy,0.00042547875636517456,0.08023591993042459,0.0022706630336058126,11.676513317191283
646,3920,awareness,0.00037909662449397096,0.04544344650059618,0.0009082652134423251,11.676513317191283
647,3920,knowledge,0.0004629967474787704,0.04198430436069355,0.0018165304268846503,11.676513317191283
648,3920,science,0.0005440108711471394,0.03921677521962084,0.0036330608537693005,11.676513317191283
649,3920,language,0.0015351454935326816,0.0657892009595007,0.005903723887375113,11.676513317191283
650,3950,philosophy,0.00042046077637930383,0.08005109958348422,0.0022512381809995496,11.665221579961464
651,3950,awareness,0.0003766923292959643,0.045586833668888604,0.0009004952723998199,11.665221579961464
652,3950,knowledge,0.0004593660626756057,0.04214325268059995,0.0018009905447996398,11.665221579961464
653,3950,science,0.0005404187424595679,0.03946838745499748,0.0036019810895992796,11.665221579961464
654,3950,language,0.0015104166877741353,0.06530730915456415,0.00585321927059883,11.665221579961464
655,3980,philosophy,0.0004188127568804953,0.08015466093883615,0.0022371364653243847,11.677650429799426
656,3980,awareness,0.00037559080012646424,0.04555794690885009,0.0008948545861297539,11.677650429799426
657,3980,knowledge,0.00045903318885994084,0.0421364184015483,0.0017897091722595079,11.677650429799426
658,3980,science,0.0005408747643803053,0.039515227835372084,0.0035794183445190158,11.677650429799426
659,3980,language,0.0015041641153706084,0.06553059634869504,0.0058165548098434005,11.677650429799426
660,4010,philosophy,0.0004154203070240387,0.08006322852518018,0.0022222222222222222,11.674109263657957
661,4010,awareness,0.0003725751517843921,0.04562181435735632,0.0008888888888888889,11.674109263657957
662,4010,knowledge,0.000455896144923244,0.04228915705729865,0.0022222222222222222,11.674109263657957
663,4010,science,0.0005352682758280271,0.03941597867217062,0.0035555555555555557,11.674109263657957
664,4010,language,0.0014924724813663063,0.06534163965708352,0.005777777777777778,11.674109263657957
665,4040,philosophy,0.0004130297428217069,0.07997639533183813,0.002208480565371025,11.691835771590373
666,4040,awareness,0.0003703227014251281,0.04556087059108259,0.0008833922261484099,11.691835771590373
667,4040,knowledge,0.0004526166350751566,0.042201189118822605,0.002208480565371025,11.691835771590373
668,4040,science,0.0005310103822962738,0.03929208978174536,0.0035335689045936395,11.691835771590373
669,4040,language,0.0014849959828079783,0.06525311760802392,0.005742049469964664,11.691835771590373
670,4070,philosophy,0.0004101137002224737,0.07980020957136276,0.002193944712593243,11.712007504690432
671,4070,awareness,0.0003658499033894521,0.04530454417378793,0.0008775778850372971,11.712007504690432
672,4070,knowledge,0.00044725679930409615,0.04197156706503303,0.002193944712593243,11.712007504690432
673,4070,science,0.0005248146694071731,0.039088205680251814,0.0035103115401491883,11.712007504690432
674,4070,language,0.0014816824861627522,0.06534768477965058,0.005704256252742431,11.712007504690432
675,4100,philosophy,0.0004084957984921649,0.07991978327665127,0.0026189436927106066,11.709692451071762
676,4100,awareness,0.0003646943842016297,0.04531393036396351,0.0008729812309035355,11.709692451071762
677,4100,knowledge,0.00044658398483176065,0.04201392650963796,0.002182453077258839,11.709692451071762
678,4100,science,0.0005246647668279321,0.039182669046159975,0.003491924923614142,11.709692451071762
679,4100,language,0.0014715370792302836,0.06515009338414424,0.005674378000872981,11.709692451071762
680,4130,philosophy,0.0004058314921478467,0.07994031368739196,0.0026019080659150044,11.70648148148148
681,4130,awareness,0.0003622219941495603,0.04517578224330734,0.0008673026886383347,11.70648148148148
682,4130,knowledge,0.00044361385894808625,0.04183448874375458,0.002168256721595837,11.70648148148148
683,4130,science,0.0005216222282122625,0.03903666812707326,0.003469210754553339,11.70648148148148
684,4130,language,0.0014603542670202044,0.0652722492966102,0.006071118820468343,11.70648148148148
685,4160,philosophy,0.0004038973398165083,0.08001068384051839,0.00258732212160414,11.706071757129715
686,4160,awareness,0.00036300575456127047,0.045434151039877316,0.0008624407072013799,11.706071757129715
687,4160,knowledge,0.00044423131254553834,0.04211284148690733,0.00215610176800345,11.706071757129715
688,4160,science,0.0005224829370566981,0.0393094922559812,0.0034497628288055198,11.706071757129715
689,4160,language,0.0014453316679305884,0.06498368366822531,0.00603708495040966,11.706071757129715
690,4190,philosophy,0.0004005346338496392,0.07981613345149466,0.0025717959708529787,11.707149404216315
691,4190,awareness,0.0003593976517394516,0.04525168685403496,0.0008572653236176596,11.707149404216315
692,4190,knowledge,0.0004400187907857568,0.0419607983966964,0.0021431633090441492,11.707149404216315
693,4190,science,0.0005177015739670486,0.039187826104970486,0.0034290612944706386,11.707149404216315
694,4190,language,0.001435754134542173,0.06498394649370395,0.006000857265323617,11.707149404216315
695,4220,philosophy,0.0003972958541860865,0.07967911873830473,0.002553191489361702,11.717213114754099
696,4220,awareness,0.00035457976234648904,0.04496661896830796,0.000851063829787234,11.717213114754099
697,4220,knowledge,0.00043367693240540465,0.04165725219552881,0.002127659574468085,11.717213114754099
698,4220,science,0.0005102400970162086,0.03890433970336006,0.003404255319148936,11.717213114754099
699,4220,language,0.0014315320777939671,0.06525510413040361,0.005957446808510639,11.717213114754099
700,4250,philosophy,0.00039479872764458903,0.0797496629924392,0.00253592561284869,11.7124773960217
701,4250,awareness,0.0003537296605445187,0.0451639172327555,0.0008453085376162299,11.7124773960217
702,4250,knowledge,0.0004337250608090035,0.04193741487322678,0.0021132713440405746,11.7124773960217
703,4250,science,0.0005112206048152231,0.039278572727036644,0.0033812341504649195,11.7124773960217
704,4250,language,0.0014172399372750354,0.06502356611601394,0.005917159763313609,11.7124773960217
705,4280,philosophy,0.00039263920603940864,0.07980106413777051,0.0025210084033613447,11.709793351302785
706,4280,awareness,0.0003520517824937619,0.04526889663300829,0.0008403361344537816,11.709793351302785
707,4280,knowledge,0.0004312854919372201,0.041953236990998934,0.002100840336134454,11.709793351302785
708,4280,science,0.0005087545307917371,0.039345217855928497,0.0033613445378151263,11.709793351302785
709,4280,language,0.0014067953935038946,0.06485531995873439,0.0058823529411764705,11.709793351302785
710,4310,philosophy,0.00038900446520062783,0.07968421202950306,0.0025031289111389237,11.701385784532857
711,4310,awareness,0.0003484686689610275,0.045206331280237065,0.0008343763037129745,11.701385784532857
712,4310,knowledge,0.0004272786075727826,0.041958605880478006,0.0020859407592824365,11.701385784532857
713,4310,science,0.0005043488124403489,0.03940890551225916,0.0037546933667083854,11.701385784532857
714,4310,language,0.00139544043621388,0.06485759478093814,0.005840634125990822,11.701385784532857
715,4340,philosophy,0.00038703409930602566,0.0796251860401543,0.0024906600249066002,11.709074733096086
716,4340,awareness,0.000346039833335917,0.045124288358069156,0.0008302200083022001,11.709074733096086
717,4340,knowledge,0.00042406673453112377,0.041872182236903636,0.0020755500207555004,11.709074733096086
718,4340,science,0.0005007156772063269,0.039351532472652016,0.0037359900373599006,11.709074733096086
719,4340,language,0.0013912213707586868,0.06490837161944363,0.0058115400581154,11.709074733096086
720,4370,philosophy,0.0003849590489383235,0.07959524657601794,0.002476269087907553,11.718390804597702
721,4370,awareness,0.00034341548063184364,0.044950296111332035,0.0008254230293025176,11.718390804597702
722,4370,knowledge,0.0004207137593660315,0.04171015778979744,0.002063557573256294,11.718390804597702
723,4370,science,0.000496990474945142,0.039215415708524874,0.003714403631861329,11.718390804597702
724,4370,language,0.0013871125040692265,0.06515942578035933,0.005777961205117623,11.718390804597702
725,4400,philosophy,0.00038380573041728864,0.07964315566609279,0.0024671052631578946,11.71963028169014
726,4400,awareness,0.00034189299543556796,0.04492090812819244,0.0008223684210526315,11.71963028169014
727,4400,knowledge,0.0004176063231444827,0.04155580276508191,0.002055921052631579,11.71963028169014
728,4400,science,0.0004933196508533974,0.03907029287078773,0.003700657894736842,11.71963028169014
729,4400,language,0.0013851482899604128,0.06533604942419893,0.005756578947368421,11.71963028169014
730,4430,philosophy,0.00038161975047477107,0.07962688184134524,0.002451982018798529,11.727153476169654
731,4430,awareness,0.00033938449375118526,0.04492019221944582,0.0008173273395995096,11.727153476169654
732,4430,knowledge,0.0004150073051969732,0.041618133303029575,0.002043318348998774,11.727153476169654
733,4430,science,0.0004906301166427612,0.03919010396700546,0.0036779730281977932,11.727153476169654
734,4430,language,0.0013799076366686166,0.06534488904790751,0.005721291377196567,11.727153476169654
735,4460,philosophy,0.0003787987478697724,0.0794549192814572,0.002437043054427295,11.73716275021758
736,4460,awareness,0.0003352624529469949,0.044646511113315974,0.0008123476848090983,11.73716275021758
737,4460,knowledge,0.0004099667771894881,0.041364570346268635,0.0020308692120227455,11.73716275021758
738,4460,science,0.00048467110143198135,0.038951334040317774,0.003655564581640942,11.73716275021758
739,4460,language,0.0013758458656845936,0.06551624723082183,0.005686433793663688,11.73716275021758
740,4490,philosophy,0.00037608404519509566,0.07945504122773904,0.0024193548387096775,11.738228941684666
741,4490,awareness,0.0003313895281559205,0.04442847534092776,0.0008064516129032258,11.738228941684666
742,4490,knowledge,0.00040452601058366166,0.0410964417101606,0.0020161290322580645,11.738228941684666
743,4490,science,0.00047831259507742716,0.03870516369764083,0.0036290322580645163,11.738228941684666
744,4490,language,0.0013673271703657475,0.06563002780993149,0.00564516129032258,11.738228941684666
745,4520,philosophy,0.00037414572735214015,0.07951440978064296,0.002404809619238477,11.73959673959674
746,4520,awareness,0.0003287022763475669,0.04432531977195434,0.0008016032064128256,11.73959673959674
747,4520,knowledge,0.00040112275833718717,0.040999628931277655,0.002004008016032064,11.73959673959674
748,4520,science,0.00047450670571913057,0.0386429790010185,0.0036072144288577155,11.73959673959674
749,4520,language,0.0013644275730949078,0.06597975543837731,0.0056112224448897794,11.73959673959674
750,4550,philosophy,0.0003710943392631149,0.07936093739667242,0.002391390992427262,11.731822070145423
751,4550,awareness,0.00032663288654866384,0.04434122431380937,0.0007971303308090873,11.731822070145423
752,4550,knowledge,0.0003980887926968888,0.04096853861848488,0.0019928258270227183,11.731822070145423
753,4550,science,0.00046986228065021697,0.03846347529526326,0.003587086488640893,11.731822070145423
754,4550,language,0.0013514693716167613,0.06574721882884373,0.005579912315663611,11.731822070145423
755,4580,philosophy,0.00036934371767064714,0.07951944924667168,0.0023781212841854937,11.718232044198896
756,4580,awareness,0.0003252171935781931,0.04451497470908655,0.0007927070947284979,11.718232044198896
757,4580,knowledge,0.0003969816829385187,0.0412326333607553,0.0023781212841854937,11.718232044198896
758,4580,science,0.00046529142664036036,0.038285976810136305,0.0035671819262782403,11.718232044198896
759,4580,language,0.0013442101289373894,0.06579239780149788,0.005548949663099485,11.718232044198896
760,4610,philosophy,0.00036674134741421785,0.07956796302092713,0.002362204724409449,11.706925675675675
761,4610,awareness,0.0003242879763996443,0.04469333167759509,0.0007874015748031496,11.706925675675675
762,4610,knowledge,0.00039447548395293565,0.04118589046023015,0.002362204724409449,11.706925675675675
763,4610,science,0.000462803719782961,0.03829094501949926,0.003543307086614173,11.706925675675675
764,4610,language,0.0013284496462735546,0.0654570048680659,0.005511811023622047,11.706925675675675
765,4640,philosophy,0.00036415424717076633,0.07949061787859125,0.002347417840375587,11.708945821083578
766,4640,awareness,0.00032238361293647255,0.044708475525937236,0.000782472613458529,11.708945821083578
767,4640,knowledge,0.00039230734863270793,0.04121549881244551,0.002347417840375587,11.708945821083578
768,4640,science,0.0004588649526324068,0.03815121837500853,0.0035211267605633804,11.708945821083578
769,4640,language,0.0013182995771526566,0.0653312812859497,0.005477308294209703,11.708945821083578
770,4670,philosophy,0.00036194657553880854,0.07954667085519512,0.002331002331002331,11.711666666666666
771,4670,awareness,0.0003218141082218752,0.044997935732825144,0.000777000777000777,11.711666666666666
772,4670,knowledge,0.0003927248587442762,0.04161177950006676,0.002331002331002331,11.711666666666666
773,4670,science,0.0004591093911482261,0.03852984622215391,0.0034965034965034965,11.711666666666666
774,4670,language,0.0013062665489849956,0.06499238825125817,0.005439005439005439,11.711666666666666
775,4700,philosophy,0.0003598533146621211,0.07961781658386444,0.002317497103128621,11.7013256006628
776,4700,awareness,0.0003195879209784192,0.04499279297704473,0.000772499034376207,11.7013256006628
777,4700,knowledge,0.0003904251876441911,0.041665194052710866,0.002317497103128621,11.7013256006628
778,4700,science,0.00045678852167844054,0.03863980746947144,0.0034762456546929316,11.7013256006628
779,4700,language,0.0013005722159835716,0.06524590321267329,0.005407493240633449,11.7013256006628
780,4730,philosophy,0.00035844201934167333,0.07959404945422627,0.0023076923076923075,11.708453608247423
781,4730,awareness,0.000317777186289297,0.04493058693382777,0.0007692307692307692,11.708453608247423
782,4730,knowledge,0.00038846005974033657,0.04163313358492208,0.0023076923076923075,11.708453608247423
783,4730,science,0.0004535237926241387,0.038524306011503,0.0034615384615384616,11.708453608247423
784,4730,language,0.0012978735989116613,0.06532341144359752,0.005384615384615384,11.708453608247423
785,4760,philosophy,0.00035668134322685516,0.07963870438893053,0.002294455066921606,11.711593609176568
786,4760,awareness,0.0003167739634313914,0.04502344089183256,0.0007648183556405354,11.711593609176568
787,4760,knowledge,0.0003879640511983908,0.041783549561341594,0.002294455066921606,11.711593609176568
788,4760,science,0.0004530145420737804,0.03867187046115036,0.0034416826003824093,11.711593609176568
789,4760,language,0.0012860993679138818,0.06499291583084181,0.005353728489483747,11.711593609176568
790,4790,philosophy,0.0003546676925458555,0.07974677591614938,0.002280501710376283,11.7008547008547
791,4790,awareness,0.000316110577761758,0.04525445259715992,0.0007601672367920942,11.7008547008547
792,4790,knowledge,0.000388026095224232,0.042104339707605264,0.002280501710376283,11.7008547008547
793,4790,science,0.0004521435445281244,0.03888744431253544,0.0034207525655644243,11.7008547008547
794,4790,language,0.0012755617786064908,0.06490323704548333,0.005321170657544659,11.7008547008547
795,4820,philosophy,0.00035263842987310446,0.07959232061923653,0.0022684310018903594,11.718509518023492
796,4820,awareness,0.00031391678704668175,0.045169449502907286,0.0007561436672967864,11.718509518023492
797,4820,knowledge,0.00038564470106463086,0.04205312882280003,0.0022684310018903594,11.718509518023492
798,4820,science,0.0004496568633754699,0.03887670881169153,0.003402646502835539,11.718509518023492
799,4820,language,0.0012700984615648403,0.0647349427013142,0.005293005671077505,11.718509518023492
800,4850,philosophy,0.00035067004235992473,0.0795926747489481,0.002254791431792559,11.72354124748491
801,4850,awareness,0.0003115655328052954,0.04505764510104323,0.000751597143930853,11.72354124748491
802,4850,knowledge,0.0003818689470948455,0.041911479120772796,0.002254791431792559,11.72354124748491
803,4850,science,0.00044539612868178845,0.0387688766357368,0.0033821871476888386,11.72354124748491
804,4850,language,0.0012657438002411775,0.0649618464136057,0.005261180007515971,11.72354124748491
805,4880,philosophy,0.00034878830690349014,0.07947230447828596,0.0022446689113355778,11.730954290296712
806,4880,awareness,0.00030989414351834365,0.044950931018192516,0.0007482229704451926,11.730954290296712
807,4880,knowledge,0.0003801274889116657,0.04181884252551344,0.0022446689113355778,11.730954290296712
808,4880,science,0.00044364529530323596,0.038704711638902635,0.003367003367003367,11.730954290296712
809,4880,language,0.0012593034698910207,0.06491616616085347,0.005237560793116348,11.730954290296712
810,4910,philosophy,0.0003477580835035379,0.07956621799492515,0.0022346368715083797,11.734954165005979
811,4910,awareness,0.00030934939565246933,0.04501954990408371,0.0007448789571694599,11.734954165005979
812,4910,knowledge,0.00037756988093306767,0.041713677960279034,0.0022346368715083797,11.734954165005979
813,4910,science,0.0004407986233882564,0.038624651278342303,0.0033519553072625698,11.734954165005979
814,4910,language,0.0012538980658383147,0.06494431916793014,0.0052141527001862194,11.734954165005979
815,4940,philosophy,0.00034553263897465456,0.07947554636081895,0.002223045572434235,11.734021437078205
816,4940,awareness,0.00030752130418673586,0.045000457753380844,0.0007410151908114116,11.734021437078205
817,4940,knowledge,0.0003757221467484528,0.04174014214182898,0.002223045572434235,11.734021437078205
818,4940,science,0.00043898288803809367,0.03869967595134129,0.003334568358651352,11.734021437078205
819,4940,language,0.0012457288707751841,0.06485778899061491,0.005187106335679882,11.734021437078205
820,4970,philosophy,0.0003442492021470487,0.0794482990209097,0.002213205459240133,11.746445497630331
821,4970,awareness,0.00030698160776210546,0.04504666498783948,0.0007377351530800443,11.746445497630331
822,4970,knowledge,0.0003756682324496833,0.041817508275311374,0.002213205459240133,11.746445497630331
823,4970,science,0.00043945838488230516,0.03882732186101711,0.0033198081888601992,11.746445497630331
824,4970,language,0.0012394875460948458,0.06469902890354591,0.00516414607156031,11.746445497630331
825,5000,philosophy,0.00034195153435617466,0.07929416145411022,0.0022010271460014674,11.755406999606764
826,5000,awareness,0.00030415122705716404,0.04484159108317815,0.0007336757153338225,11.755406999606764
827,5000,knowledge,0.0003723532049952366,0.041629020610989,0.0022010271460014674,11.755406999606764
828,5000,science,0.00043571243893770643,0.03866157937579673,0.003301540719002201,11.755406999606764
829,5000,language,0.001234361636212533,0.0647731708552512,0.005135730007336758,11.755406999606764
830,5030,philosophy,0.00034040992774662503,0.07929167334477195,0.0021921812203142127,11.75
831,5030,awareness,0.00030277935164919336,0.04484075512741592,0.0007307270734380709,11.75
832,5030,knowledge,0.00037096809060588695,0.0416665067178736,0.0021921812203142127,11.75
833,5030,science,0.00043328539215730755,0.038566405189276315,0.003288271830471319,11.75
834,5030,language,0.0012291320440902247,0.06483281290743705,0.005115089514066496,11.75
835,5060,philosophy,0.00033870754581850497,0.07925857434672037,0.0025426807119505995,11.76449980537174
836,5060,awareness,0.00030032596644421176,0.044669254038109965,0.000726480203414457,11.76449980537174
837,5060,knowledge,0.000367065070098481,0.04144221366967219,0.002179440610243371,11.76449980537174
838,5060,science,0.0004287921462055918,0.038362995614296146,0.0032691609153650564,11.76449980537174
839,5060,language,0.0012259683171273379,0.06492489129711816,0.005085361423901199,11.76449980537174
840,5090,philosophy,0.0003357361637485718,0.07903759247086581,0.002527075812274368,11.766097750193948
841,5090,awareness,0.0002976938820975889,0.04458075262947217,0.0007220216606498195,11.766097750193948
842,5090,knowledge,0.000364137593200333,0.04140117865880512,0.0021660649819494585,11.766097750193948
843,5090,science,0.0004256305964169903,0.038368911003483344,0.0032490974729241875,11.766097750193948
844,5090,language,0.0012155290678207897,0.06471146488405563,0.005054151624548736,11.766097750193948
845,5120,philosophy,0.0003350770754658577,0.07940869031927979,0.002514367816091954,11.747210465563679
846,5120,awareness,0.0002978032976330506,0.04490249360441341,0.0007183908045977011,11.747210465563679
847,5120,knowledge,0.0003651282527497472,0.04181908252145202,0.0021551724137931034,11.747210465563679
848,5120,science,0.00042703625745475554,0.0388095027328358,0.0035919540229885057,11.747210465563679
849,5120,language,0.0012105594420025176,0.0649256356319525,0.005028735632183908,11.747210465563679
850,5150,philosophy,0.00033266180445759173,0.07921499327353217,0.0025,11.75823754789272
851,5150,awareness,0.0002946651706023359,0.04466043307086614,0.0007142857142857143,11.75823754789272
852,5150,knowledge,0.0003613505380731372,0.041592114106489435,0.002142857142857143,11.75823754789272
853,5150,science,0.00042268067526903664,0.038601833292042975,0.0035714285714285713,11.75823754789272
854,5150,language,0.0012056918447493244,0.06498530921953447,0.005,11.75823754789272
855,5180,philosophy,0.00033107589418323566,0.07906502773318215,0.0024902170046246885,11.770435446906035
856,5180,awareness,0.0002923639248977675,0.04448566794678947,0.000711490572749911,11.770435446906035
857,5180,knowledge,0.00035852849985299574,0.041429355922508154,0.002134471718249733,11.770435446906035
858,5180,science,0.0004193796672592381,0.038450776669413135,0.0035574528637495554,11.770435446906035
859,5180,language,0.0012033603001417414,0.0649943184369312,0.004980434009249377,11.770435446906035
860,5210,philosophy,0.0003293408829487729,0.07917583226377971,0.002476123098691192,11.758921791951405
861,5210,awareness,0.0002908156296452325,0.04457529974360629,0.0007074637424831977,11.758921791951405
862,5210,knowledge,0.0003559833470840136,0.041452633669619224,0.0021223912274495934,11.758921791951405
863,5210,science,0.00041614778487298427,0.03843799130392915,0.0035373187124159884,11.758921791951405
864,5210,language,0.0011976600661733768,0.06516313650814197,0.004952246197382384,11.758921791951405
865,5240,philosophy,0.00032720079718012403,0.07904926741962486,0.0024647887323943664,11.755017039000379
866,5240,awareness,0.00028915131053834447,0.04452766267402574,0.0007042253521126761,11.755017039000379
867,5240,knowledge,0.00035310419362355054,0.041306894381791595,0.0021126760563380284,11.755017039000379
868,5240,science,0.00041284312704810346,0.03831198444992495,0.0035211267605633804,11.755017039000379
869,5240,language,0.0011893253218713902,0.06506007892204577,0.004929577464788733,11.755017039000379
870,5270,philosophy,0.0003248936956651754,0.07901341026408316,0.0024509803921568627,11.743212669683258
871,5270,awareness,0.00028788204116088155,0.04467181670409532,0.0007002801120448179,11.743212669683258
872,5270,knowledge,0.00035210093838025235,0.041532886953512135,0.0021008403361344537,11.743212669683258
873,5270,science,0.0004082311958735191,0.03809735148381893,0.0035014005602240898,11.743212669683258
874,5270,language,0.0011786128522112379,0.06485155960596069,0.004901960784313725,11.743212669683258
875,5300,philosophy,0.00032294590747071825,0.07892072997975746,0.0024390243902439024,11.743801652892563
876,5300,awareness,0.00028653712421584585,0.04469843324351273,0.0006968641114982578,11.743801652892563
877,5300,knowledge,0.00035085930796612046,0.04160765994179937,0.0020905923344947735,11.743801652892563
878,5300,science,0.0004071715594003231,0.03822595228206394,0.003484320557491289,11.743801652892563
879,5300,language,0.001168843305092254,0.06457742921289059,0.004878048780487805,11.743801652892563
880,5330,philosophy,0.0003220679361150086,0.07902565030459793,0.0024288688410825814,11.745237205827419
881,5330,awareness,0.0002863227279587464,0.04481405975939167,0.0006939625260235947,11.745237205827419
882,5330,knowledge,0.0003511936612793703,0.041766128881811436,0.002081887578070784,11.745237205827419
883,5330,science,0.0004052327133405209,0.03807217727028344,0.0034698126301179735,11.745237205827419
884,5330,language,0.0011641865269209559,0.06459870485619314,0.004857737682165163,11.745237205827419
885,5360,philosophy,0.0003199847852702397,0.07891737314668104,0.0024137931034482756,11.758262161158559
886,5360,awareness,0.00028491958777591557,0.044848022748933646,0.000689655172413793,11.758262161158559
887,5360,knowledge,0.00034898786387571465,0.04177077874436642,0.002068965517241379,11.758262161158559
888,5360,science,0.00040307147357035027,0.038135103097441565,0.0034482758620689655,11.758262161158559
889,5360,language,0.001155606271321423,0.06432899363235976,0.004827586206896551,11.758262161158559
890,5390,philosophy,0.0003183645561024654,0.07889683961376046,0.002400548696844993,11.766334440753045
891,5390,awareness,0.0002834479116554816,0.04479184674098037,0.0006858710562414266,11.766334440753045
892,5390,knowledge,0.00034763810649741147,0.04174189220561022,0.0020576131687242796,11.766334440753045
893,5390,science,0.0004014826289106054,0.03808929578390842,0.003429355281207133,11.766334440753045
894,5390,language,0.0011503682353997875,0.06439061603811211,0.0051440329218107,11.766334440753045
895,5420,philosophy,0.0003169601633940122,0.07889080521330152,0.002389078498293515,11.771575468233566
896,5420,awareness,0.00028284211494638347,0.04488685059624933,0.0006825938566552901,11.771575468233566
897,5420,knowledge,0.0003457217946792147,0.04171828203358717,0.0020477815699658703,11.771575468233566
898,5420,science,0.0003995188540061925,0.03810659588223025,0.0034129692832764505,11.771575468233566
899,5420,language,0.0011434786203266716,0.06422734394528792,0.005119453924914676,11.771575468233566
900,5450,philosophy,0.0003155680224403927,0.07896079908620313,0.002377717391304348,11.765436609426379
901,5450,awareness,0.00028177363992027755,0.044989320912904425,0.0006793478260869565,11.765436609426379
902,5450,knowledge,0.0003448641765704584,0.04188464344583457,0.0020380434782608695,11.765436609426379
903,5450,science,0.000397574186166679,0.038106447471444364,0.0033967391304347825,11.765436609426379
904,5450,language,0.0011382824610614898,0.06426035503724696,0.005095108695652174,11.765436609426379
905,5480,philosophy,0.000314400479443582,0.07895683060213696,0.0023672641190395673,11.774263904034896
906,5480,awareness,0.000279530608087112,0.04481715138617426,0.0006763611768684477,11.774263904034896
907,5480,knowledge,0.00034183906674047646,0.04170050399206526,0.002029083530605343,11.774263904034896
908,5480,science,0.00039408671005164626,0.037938918280666964,0.0033818058843422386,11.774263904034896
909,5480,language,0.001137901080691626,0.06448235217851848,0.005072708826513358,11.774263904034896
910,5510,philosophy,0.000312674597427206,0.07878366641123312,0.002356902356902357,11.78695652173913
911,5510,awareness,0.0002775426201881941,0.044683883748459885,0.0006734006734006734,11.78695652173913
912,5510,knowledge,0.00033885358691821164,0.041517976533514134,0.00202020202020202,11.78695652173913
913,5510,science,0.00039064492110604533,0.03777285567539805,0.0033670033670033673,11.78695652173913
914,5510,language,0.001133516246272894,0.06437220508099938,0.005050505050505051,11.78695652173913
915,5540,philosophy,0.0003109667921618393,0.07867720838144492,0.002346630908481395,11.789815817984833
916,5540,awareness,0.00027625265242989987,0.04463983496476802,0.0006704659738518271,11.789815817984833
917,5540,knowledge,0.00033759220030575403,0.041500344469082316,0.002011397921555481,11.789815817984833
918,5540,science,0.00038949489466224603,0.03779464671422285,0.0033523298692591354,11.789815817984833
919,5540,language,0.001126805247609555,0.06426444877834574,0.005028494803888703,11.789815817984833
920,5570,philosophy,0.00030932533066577747,0.07868612125555517,0.0023341113704568187,11.789152298850574
921,5570,awareness,0.00027464710459041905,0.044596445044408,0.0006668889629876625,11.789152298850574
922,5570,knowledge,0.00033466711125930865,0.04134699240516797,0.0020006668889629873,11.789152298850574
923,5570,science,0.00038623985773035454,0.03767057655195806,0.003334444814938313,11.789152298850574
924,5570,language,0.0011218183839057463,0.0644024863153932,0.005001667222407469,11.789152298850574
925,5600,philosophy,0.0003079836864512302,0.07862117063690231,0.002324037184594953,11.798640915593705
926,5600,awareness,0.00027426525780934233,0.044580492203276555,0.0006640106241699867,11.798640915593705
927,5600,knowledge,0.00033476008566684696,0.04133996940303628,0.00199203187250996,11.798640915593705
928,5600,science,0.00038688040183551667,0.03770745919648831,0.0033200531208499333,11.798640915593705
929,5600,language,0.0011144712002746841,0.06427223362915743,0.0049800796812749,11.798640915593705
930,5630,philosophy,0.00030561027635542465,0.07838793258230474,0.002311756935270806,11.804921540656206
931,5630,awareness,0.0002715930069216421,0.044377745291883465,0.0006605019815059445,11.804921540656206
932,5630,knowledge,0.0003312322581404852,0.041121528349387475,0.0019815059445178335,11.804921540656206
933,5630,science,0.00038280331083977734,0.03750821238435363,0.0033025099075297227,11.804921540656206
934,5630,language,0.0011073057319535115,0.06413751229060818,0.004953764861294584,11.804921540656206
935,5660,philosophy,0.00030428442859862576,0.07833133701316186,0.002302631578947368,11.808813077469793
936,5660,awareness,0.0002694534346388826,0.04420256998152077,0.0006578947368421052,11.808813077469793
937,5660,knowledge,0.00032862285605496805,0.040959206526955685,0.001973684210526316,11.808813077469793
938,5660,science,0.00037978763910763425,0.0373601536512575,0.003289473684210526,11.808813077469793
939,5660,language,0.0011061544851935824,0.06435834883215381,0.004934210526315789,11.808813077469793
940,5690,philosophy,0.00030269663499027426,0.07832002007653444,0.002291325695581015,11.806862398302087
941,5690,awareness,0.000268528118867876,0.04423053328899037,0.0006546644844517185,11.806862398302087
942,5690,knowledge,0.0003279749102407006,0.0410259564885898,0.0019639934533551557,11.806862398302087
943,5690,science,0.0003786385720773601,0.03737257996907863,0.0032733224222585926,11.806862398302087
944,5690,language,0.0010983196373638615,0.06426398144487636,0.004909983633387889,11.806862398302087
945,5720,philosophy,0.0003015179341040467,0.0782594922218041,0.0022816166883963492,11.820070422535212
946,5720,awareness,0.00026710729280439503,0.044206819949527444,0.000651890482398957,11.820070422535212
947,5720,knowledge,0.00032647626961459657,0.041039668256001964,0.0019556714471968707,11.820070422535212
948,5720,science,0.00037713638041686156,0.0374260962453696,0.003259452411994785,11.820070422535212
949,5720,language,0.0010957240317546497,0.06418121809987325,0.0048891786179921775,11.820070422535212
950,5750,philosophy,0.0003005589300860332,0.07827692203134927,0.0022719896137617657,11.829772329246936
951,5750,awareness,0.0002667539488114653,0.044246527726878246,0.0006491398896462187,11.829772329246936
952,5750,knowledge,0.0003262549283134305,0.04109305526810357,0.0019474196689386564,11.829772329246936
953,5750,science,0.00037690974449120976,0.03746504685451223,0.0032456994482310936,11.829772329246936
954,5750,language,0.0010909214985147925,0.06412369984409387,0.00486854917234664,11.829772329246936
955,5780,philosophy,0.00029851983740355656,0.07818163505268304,0.002259522272433828,11.828740844087896
956,5780,awareness,0.0002652931004420302,0.04424706199851269,0.0006455777921239509,11.828740844087896
957,5780,knowledge,0.00032299721416204774,0.040883617840935,0.0019367333763718527,11.828740844087896
958,5780,science,0.00037320187627946374,0.03727825482526584,0.0032278889606197547,11.828740844087896
959,5780,language,0.0010826291660755642,0.06398989855845368,0.004841833440929632,11.828740844087896
960,5810,philosophy,0.00029684110215695575,0.07802463829204376,0.0022508038585209,11.831534980856247
961,5810,awareness,0.0002640769554355926,0.044196743153380326,0.0006430868167202572,11.831534980856247
962,5810,knowledge,0.0003217501222195694,0.04085759346624402,0.0019292604501607719,11.831534980856247
963,5810,science,0.00037074130690703354,0.03716386307602145,0.003215434083601286,11.831534980856247
964,5810,language,0.0010757389245298035,0.06379432777782593,0.00482315112540193,11.831534980856247
965,5840,philosophy,0.00029553422904670507,0.0780272096425019,0.0022400000000000002,11.835872576177286
966,5840,awareness,0.00026257197696737046,0.04414366963236529,0.00064,11.835872576177286
967,5840,knowledge,0.0003202047344849648,0.0408373859896568,0.0019200000000000003,11.835872576177286
968,5840,science,0.0003692386436340371,0.037185273403950767,0.0032,11.835872576177286
969,5840,language,0.0010711708253358925,0.06380663927103805,0.0048000000000000004,11.835872576177286
970,5870,philosophy,0.0002936461181259906,0.07788521488302061,0.0022285896211397646,11.842014487754398
971,5870,awareness,0.00026010682720131745,0.043972584816152446,0.0006367398917542184,11.842014487754398
972,5870,knowledge,0.0003172553470850506,0.040693035748145624,0.0019102196752626551,11.842014487754398
973,5870,science,0.0003658923852839724,0.03706741005228958,0.003183699458771092,11.842014487754398
974,5870,language,0.0010673803341405056,0.06386077072742352,0.004775549188156638,11.842014487754398
975,5900,philosophy,0.0002926531407486859,0.07781787982880682,0.0022187004754358162,11.864837049742711
976,5900,awareness,0.00025860735670139536,0.0438668197072807,0.0006339144215530904,11.864837049742711
977,5900,knowledge,0.0003147477498649216,0.04054255069650799,0.001901743264659271,11.864837049742711
978,5900,science,0.00036305459979632786,0.03693722485094925,0.003169572107765452,11.864837049742711
979,5900,language,0.0010656631696926238,0.06378117781032754,0.004754358161648178,11.864837049742711
980,5930,philosophy,0.0002914822519142823,0.07789709333840979,0.002523659305993691,11.861480723302627
981,5930,awareness,0.0002565640708829127,0.043696466587681775,0.0006309148264984228,11.861480723302627
982,5930,knowledge,0.0003123734713347599,0.04038696503095883,0.0018927444794952682,11.861480723302627
983,5930,science,0.0003604232760018583,0.03680448830291102,0.003154574132492114,11.861480723302627
984,5930,language,0.0010639599604857508,0.06406211450428238,0.00473186119873817,11.861480723302627
985,5960,philosophy,0.0002904730564025218,0.0779510480800397,0.00251414204902577,11.856948691811077
986,5960,awareness,0.00025601517173750476,0.043812180567484926,0.0006285355122564425,11.856948691811077
987,5960,knowledge,0.0003120956258628047,0.040556670903721705,0.0018856065367693275,11.856948691811077
988,5960,science,0.00036047489086526416,0.037029369677448826,0.0034569453174104338,11.856948691811077
989,5960,language,0.0010580249056456232,0.06392678052837618,0.004714016341923319,11.856948691811077
