,iteration,node,betweeness_centrality,closeness_centrality,in_degree_centrality,size_of_gcc
0,3000,u.s._state,8.326546330725217e-05,0.017469256407309505,0.013972985561248253,0.19320297951582868
1,3000,society,0.0008549888589075398,0.011662951392675865,0.002328830926874709,0.19320297951582868
2,3000,person,0.0007966596671636575,0.010487842516067524,0.0004657661853749418,0.19320297951582868
3,3000,organism,0.0006919273265975043,0.010748921854993975,0.004191895668374477,0.19320297951582868
4,3000,federated_state,7.090574609758192e-05,0.012680049552883788,0.0009315323707498836,0.19320297951582868
5,3000,united_kingdom,2.1033202970842343e-05,0.006028793770246437,0.004657661853749418,0.19320297951582868
6,3000,individual,0.0008463153731463677,0.011459594783418726,0.0013972985561248254,0.19320297951582868
7,3250,u.s._state,7.654829692204725e-05,0.017417366396508562,0.013846819558632626,0.18901384083044984
8,3250,society,0.0007888779254924919,0.011548291426791037,0.0021635655560363477,0.18901384083044984
9,3250,person,0.0007325428707894693,0.010332534905549778,0.00043271311120726956,0.18901384083044984
10,3250,india,9.86331356428335e-05,0.005963327563825184,0.005192557334487235,0.18901384083044984
11,3250,federated_state,6.719031441323952e-05,0.01283715563248233,0.0008654262224145391,0.18901384083044984
12,3250,united_states,3.5747493183645536e-05,0.006930621664503102,0.004327131112072695,0.18901384083044984
13,3250,individual,0.0007783969850826272,0.011290092653790296,0.0012981393336218088,0.18901384083044984
14,3500,australia,1.1340182803746797e-05,0.005353410765066639,0.004428341384863124,0.1919517102615694
15,3500,u.s._state,7.030913338323014e-05,0.017412021734421936,0.013687600644122383,0.1919517102615694
16,3500,society,0.0007379218953009523,0.011348072503882499,0.002012882447665056,0.1919517102615694
17,3500,person,0.0006826790047855572,0.010135515985673757,0.00040257648953301127,0.1919517102615694
18,3500,india,9.703956427777616e-05,0.005655708731000353,0.004830917874396135,0.1919517102615694
19,3500,federated_state,6.399103153542835e-05,0.01333222277750014,0.0012077294685990338,0.1919517102615694
20,3500,sun,6.966112293730176e-05,0.011508409541535834,0.0012077294685990338,0.1919517102615694
21,3500,individual,0.0007256096968283129,0.011057500536958056,0.0012077294685990338,0.1919517102615694
22,3750,australia,1.0446342148901303e-05,0.005328540799596417,0.004540295119182747,0.18986384266263237
23,3750,u.s._state,6.425215924461212e-05,0.017028256457881884,0.01324252743094968,0.18986384266263237
24,3750,society,0.0006810156477619355,0.01111387145824856,0.0018917896329928114,0.18986384266263237
25,3750,person,0.0006330769543388953,0.010001145487300711,0.00037835792659856227,0.18986384266263237
26,3750,india,8.91516597091166e-05,0.005499388468002358,0.004540295119182747,0.18986384266263237
27,3750,federated_state,5.8241934994559316e-05,0.012951775869905816,0.0011350737797956867,0.18986384266263237
28,3750,sun,6.639866790534526e-05,0.011833083696246959,0.0011350737797956867,0.18986384266263237
29,3750,individual,0.0006730020154285318,0.010914532809327946,0.0011350737797956867,0.18986384266263237
30,4000,australia,1.0037060894467293e-05,0.005480409632658769,0.004634581105169341,0.19208838203848896
31,4000,u.s._state,5.958710834816659e-05,0.016757730760288306,0.012834224598930482,0.19208838203848896
32,4000,society,0.0006759134678299494,0.011487501925027482,0.0017825311942959,0.19208838203848896
33,4000,person,0.0006249658549352483,0.010283478719981998,0.00035650623885918,0.19208838203848896
34,4000,india,7.915302452219144e-05,0.005181776727604361,0.0042780748663101605,0.19208838203848896
35,4000,federated_state,5.374274377670462e-05,0.012678971882007933,0.0010695187165775401,0.19208838203848896
36,4000,sun,6.073057098171349e-05,0.011492095299026648,0.0010695187165775401,0.19208838203848896
37,4000,individual,0.0006646058928982077,0.011209484331656278,0.0010695187165775401,0.19208838203848896
38,4250,australia,9.966237106747008e-06,0.005134287530787026,0.0043756311006395154,0.1907806191117093
39,4250,u.s._state,5.651309450303132e-05,0.016494446314372267,0.012790306294177045,0.1907806191117093
40,4250,society,0.0006410102502748643,0.01144707384797878,0.001682935038707506,0.1907806191117093
41,4250,person,0.0005910658120467344,0.010216310818035397,0.0003365870077415012,0.1907806191117093
42,4250,india,7.055642860799302e-05,0.004892253019498564,0.004039044092898014,0.1907806191117093
43,4250,federated_state,5.0623954394499005e-05,0.012491230489105531,0.0010097610232245036,0.1907806191117093
44,4250,individual,0.0006286657065858254,0.011131174093586065,0.0010097610232245036,0.1907806191117093
45,4500,australia,9.549055019420136e-06,0.005259802358941664,0.004462862607586866,0.19120458891013384
46,4500,u.s._state,5.272297399020267e-05,0.016259103504082786,0.012432260121134842,0.19120458891013384
47,4500,society,0.0006060602366580908,0.011515791157884129,0.0015938795027095952,0.19120458891013384
48,4500,person,0.0005682703593471941,0.010550940975984914,0.000637551801083838,0.19120458891013384
49,4500,federated_state,5.069126015628349e-05,0.012831147242755359,0.000956327701625757,0.19120458891013384
50,4500,united_states,2.427898031533418e-05,0.006379712430582354,0.004144086707044947,0.19120458891013384
51,4500,individual,0.0005964095959469747,0.011228489227713202,0.000956327701625757,0.19120458891013384
52,4750,australia,8.893774046426967e-06,0.005225236627281521,0.0045427013930950935,0.18861640932485618
53,4750,u.s._state,5.1253811257244066e-05,0.015946046684992776,0.012113870381586917,0.18861640932485618
54,4750,society,0.000568834785402401,0.011258693673391836,0.0015142337976983646,0.18861640932485618
55,4750,person,0.0005321594285099188,0.010297342716652922,0.0006056935190793458,0.18861640932485618
56,4750,india,5.9322389773590186e-05,0.004652827487473157,0.003937007874015748,0.18861640932485618
57,4750,federated_state,4.8686536274770306e-05,0.0126846200437963,0.0009085402786190187,0.18861640932485618
58,4750,individual,0.0005588407506491996,0.0109601684404834,0.0009085402786190187,0.18861640932485618
59,5000,australia,8.317007048497133e-06,0.005047591577732911,0.004326507066628208,0.18771626297577854
60,5000,u.s._state,4.6907919753523834e-05,0.015396228267740213,0.011825785982117103,0.18771626297577854
61,5000,society,0.0005485066148483859,0.011338173873348036,0.0017306028266512834,0.18771626297577854
62,5000,person,0.0005114127634120887,0.010322955763979937,0.0005768676088837611,0.18771626297577854
63,5000,federated_state,4.482866799139955e-05,0.012243776341745645,0.0008653014133256417,0.18771626297577854
64,5000,united_kingdom,1.2059660220320843e-05,0.005840784539948083,0.004038073262186328,0.18771626297577854
65,5000,individual,0.0005375281655443698,0.010998883715802156,0.0008653014133256417,0.18771626297577854
66,5250,australia,8.028890675443304e-06,0.005024314157262134,0.004128819157720892,0.19207484865162355
67,5250,u.s._state,4.309847919176642e-05,0.014892907295180245,0.011560693641618497,0.19207484865162355
68,5250,society,0.000549751778512901,0.011756202800134253,0.0016515276630883566,0.19207484865162355
69,5250,person,0.0005157426095197496,0.01083328027792797,0.0005505092210294523,0.19207484865162355
70,5250,india,5.446011694003524e-05,0.004822690155060097,0.004128819157720892,0.19207484865162355
71,5250,federated_state,4.112912864873315e-05,0.011803565356778548,0.0008257638315441783,0.19207484865162355
72,5250,individual,0.0005428590516122846,0.011566424494708077,0.0011010184420589045,0.19207484865162355
73,5500,u.s._state,4.175625556111066e-05,0.015200697293479407,0.011882756799577503,0.19086589229144668
74,5500,society,0.000523730798047787,0.011545615633186611,0.0015843675732770002,0.19086589229144668
75,5500,person,0.0004945223321377614,0.010786326410125389,0.0007921837866385001,0.19086589229144668
76,5500,india,5.346752590212333e-05,0.0049757426075790765,0.004224980195405334,0.19086589229144668
77,5500,federated_state,3.952553740091777e-05,0.011904312820982633,0.0007921837866385001,0.19086589229144668
78,5500,united_kingdom,1.1223300743470477e-05,0.0061010544337983166,0.003960918933192501,0.19086589229144668
79,5500,individual,0.0005174569032222445,0.01138277673824711,0.0010562450488513335,0.19086589229144668
80,5750,u.s._state,4.147469592736519e-05,0.015811314199687326,0.012182741116751269,0.19157574219741183
81,5750,society,0.0005046517349174435,0.011557044062049748,0.0015228426395939086,0.19157574219741183
82,5750,person,0.00047715220826995136,0.010822379552943273,0.0007614213197969543,0.19157574219741183
83,5750,india,4.9396105242684934e-05,0.0047825221459142035,0.0040609137055837565,0.19157574219741183
84,5750,federated_state,3.8834226155591936e-05,0.012228393786888989,0.0007614213197969543,0.19157574219741183
85,5750,united_states,1.886969861291615e-05,0.006091370558375634,0.0038071065989847717,0.19157574219741183
86,5750,individual,0.0004996928038826498,0.011438214229213501,0.0010152284263959391,0.19157574219741183
87,6000,u.s._state,4.099750682795923e-05,0.01647094132452028,0.012929982922664065,0.1878048780487805
88,6000,society,0.0004763803188166061,0.011352684426773979,0.0014637716516223468,0.1878048780487805
89,6000,person,0.00044978251685420003,0.01060559569889228,0.0007318858258111734,0.1878048780487805
90,6000,india,5.1351013632117296e-05,0.004331208389462258,0.003903391070992925,0.1878048780487805
91,6000,federated_state,3.8498384495921074e-05,0.012647474993900952,0.0007318858258111734,0.1878048780487805
92,6000,poland,3.808186410724805e-06,0.005204521427990567,0.004147353012929983,0.1878048780487805
93,6000,individual,0.00047120356541452706,0.011216182453382035,0.0009758477677482313,0.1878048780487805
94,6250,u.s._state,3.935328335356114e-05,0.01599474562611449,0.012444235736088284,0.1875586854460094
95,6250,society,0.00045906652248152766,0.01130130227208537,0.001408781404085466,0.1875586854460094
96,6250,person,0.0004323349504556493,0.010524493943927843,0.000704390702042733,0.1875586854460094
97,6250,india,4.756566321305779e-05,0.004168495700494435,0.0037567504108945763,0.1875586854460094
98,6250,federated_state,3.69832676894111e-05,0.012425523269620356,0.000704390702042733,0.1875586854460094
99,6250,poland,3.747931747958204e-06,0.005322063082100649,0.004226344212256398,0.1875586854460094
100,6250,individual,0.00045322415828618105,0.011137574901819516,0.0009391876027236441,0.1875586854460094
101,6500,u.s._state,4.0009951640859996e-05,0.016755003835692867,0.012919310970081595,0.1849082256968049
102,6500,society,0.0004365142220740296,0.011109688323184442,0.0013599274705349048,0.1849082256968049
103,6500,person,0.0004105770903941396,0.010328237868852865,0.0006799637352674524,0.1849082256968049
104,6500,india,4.678955833738569e-05,0.0043095849702830666,0.0038531278331822303,0.1849082256968049
105,6500,federated_state,3.754464011485065e-05,0.01298911116897295,0.0006799637352674524,0.1849082256968049
106,6500,poland,3.646606632222156e-06,0.00517150196433968,0.004079782411604714,0.1849082256968049
107,6500,individual,0.0004305563858861737,0.01093414465279077,0.0009066183136899365,0.1849082256968049
108,6750,u.s._state,3.9052404607706915e-05,0.016867321492963328,0.01310329766324525,0.18449781659388648
109,6750,society,0.0004230915581003461,0.011153252496108353,0.001310329766324525,0.18449781659388648
110,6750,person,0.000396913572594081,0.010327713676457573,0.0006551648831622625,0.18449781659388648
111,6750,india,4.343924370893895e-05,0.0041524107641163766,0.0037126010045861538,0.18449781659388648
112,6750,federated_state,3.638215472000046e-05,0.013031103185761806,0.0006551648831622625,0.18449781659388648
113,6750,poland,3.4808614607602014e-06,0.005169716345826815,0.004149377593360996,0.18449781659388648
114,6750,individual,0.00041651129944849806,0.010944286003108431,0.0008735531775496833,0.18449781659388648
115,7000,u.s._state,3.828935807244864e-05,0.016508549826564533,0.012880067567567568,0.1834494405742031
116,7000,society,0.0004099056307732685,0.011202864982886817,0.001266891891891892,0.1834494405742031
117,7000,united_states,1.7874310345811294e-05,0.0062997500925583115,0.004011824324324325,0.1834494405742031
118,7000,person,0.0003837404931847617,0.01033331713551381,0.000633445945945946,0.1834494405742031
119,7000,federated_state,3.5436600311521146e-05,0.012873828338447312,0.000633445945945946,0.1834494405742031
120,7000,poland,3.967116261289789e-06,0.006120418363569048,0.00485641891891892,0.1834494405742031
121,7000,individual,0.0004029074593909933,0.010962223035831654,0.0008445945945945946,0.1834494405742031
122,7250,u.s._state,3.657296733808051e-05,0.016299853561891637,0.012684124386252046,0.18265493966046226
123,7250,society,0.0003983273181821377,0.011168447150482479,0.0012274959083469722,0.18265493966046226
124,7250,united_states,1.703111865743566e-05,0.006205212987127881,0.003887070376432079,0.18265493966046226
125,7250,person,0.00037217388044037534,0.010279405639735084,0.0006137479541734861,0.18265493966046226
126,7250,federated_state,3.4773610821447256e-05,0.01310338120995501,0.0008183306055646482,0.18265493966046226
127,7250,poland,3.807940535200602e-06,0.0061070686070686065,0.004909983633387889,0.18265493966046226
128,7250,sun,3.640558533653323e-05,0.011359199591987276,0.0006137479541734861,0.18265493966046226
129,7250,individual,0.00039096251011405746,0.010909223846672525,0.0008183306055646482,0.18265493966046226
130,7500,u.s._state,3.760890616743485e-05,0.016517022141045303,0.012907069102462271,0.17986896962477666
131,7500,society,0.0003806226300278653,0.010989527493627907,0.0011914217633042096,0.17986896962477666
132,7500,united_states,1.864676374968206e-05,0.0065657699347308075,0.003971405877680699,0.17986896962477666
133,7500,person,0.0003553529142486978,0.010102502232652993,0.0005957108816521048,0.17986896962477666
134,7500,federated_state,3.52829884904132e-05,0.013362249180729598,0.0007942811755361397,0.17986896962477666
135,7500,poland,3.587432349304582e-06,0.005927591610673421,0.004765687053216838,0.17986896962477666
136,7500,sun,3.4770498154798256e-05,0.011232736860052647,0.0005957108816521048,0.17986896962477666
137,7500,individual,0.0003733689206622384,0.010724730295053286,0.0007942811755361397,0.17986896962477666
138,7750,u.s._state,3.6408385308565715e-05,0.016480123086257896,0.012921890067502412,0.1779791747011184
139,7750,society,0.0003660176999049068,0.01084909696670246,0.0011571841851494697,0.1779791747011184
140,7750,united_states,1.7813704354242063e-05,0.006402470300990993,0.003857280617164899,0.1779791747011184
141,7750,person,0.0003413611529594737,0.009961288442727015,0.0005785920925747348,0.1779791747011184
142,7750,federated_state,3.402826614641229e-05,0.013279263284947027,0.0007714561234329798,0.1779791747011184
143,7750,poland,3.5329893813214945e-06,0.006013851144034364,0.0048216007714561235,0.1779791747011184
144,7750,sun,3.347042571778258e-05,0.011126771011052592,0.0005785920925747348,0.1779791747011184
145,7750,individual,0.0003587657743327206,0.010577284539823152,0.0007714561234329798,0.1779791747011184
146,8000,u.s._state,3.512729935385559e-05,0.01641549749584525,0.012972363226170333,0.17838345864661653
147,8000,society,0.0003604258813983634,0.011015100715439236,0.0011280315848843769,0.17838345864661653
148,8000,united_states,1.6927541640338862e-05,0.006241174752893082,0.0037601052829479226,0.17838345864661653
149,8000,person,0.0003355116499652968,0.010072946294675996,0.0005640157924421884,0.17838345864661653
150,8000,federated_state,3.2759563884330115e-05,0.013165549737754863,0.0007520210565895845,0.17838345864661653
151,8000,poland,3.639951542703346e-06,0.006362732373373924,0.005076142131979696,0.17838345864661653
152,8000,sun,3.2582867207499856e-05,0.011138853287390234,0.0005640157924421884,0.17838345864661653
153,8000,individual,0.00035279258495929616,0.010708878069895027,0.0007520210565895845,0.17838345864661653
154,8250,u.s._state,3.427994867381122e-05,0.016663029703644236,0.013357731015553523,0.17727771679473106
155,8250,society,0.0003505325610971458,0.010964607126581531,0.0010978956999085087,0.17727771679473106
156,8250,united_states,1.6236108502732855e-05,0.006196236754333735,0.0038426349496797807,0.17727771679473106
157,8250,person,0.00032636251916111873,0.010031558130443052,0.0005489478499542544,0.17727771679473106
158,8250,federated_state,3.18361632703071e-05,0.01324478169419266,0.0007319304666056725,0.17727771679473106
159,8250,poland,3.4480807748071834e-06,0.006192749038238957,0.00494053064958829,0.17727771679473106
160,8250,sun,3.140096860940911e-05,0.011097060750279178,0.0005489478499542544,0.17727771679473106
161,8250,individual,0.00034330163442376375,0.010668993563049234,0.0007319304666056725,0.17727771679473106
162,8500,federation,2.5039553631178457e-05,0.01112807526722568,0.0008896797153024912,0.1761252446183953
163,8500,u.s._state,3.431463481188046e-05,0.0167374583859488,0.013345195729537367,0.1761252446183953
164,8500,society,0.0003406139027452341,0.010967883660647599,0.0010676156583629894,0.1761252446183953
165,8500,united_states,1.7062350704431337e-05,0.006555491185963751,0.003914590747330961,0.1761252446183953
166,8500,person,0.00031668229396499274,0.010009455315173412,0.0005338078291814947,0.1761252446183953
167,8500,federated_state,3.1750533871140315e-05,0.013414953487673267,0.0007117437722419929,0.1761252446183953
168,8500,poland,3.4504568214898254e-06,0.006340989970883209,0.00498220640569395,0.1761252446183953
169,8500,individual,0.00033323815559471,0.010652686808061166,0.0007117437722419929,0.1761252446183953
170,8750,federation,2.4930784665547642e-05,0.011300877859663794,0.0008682062858135092,0.17326388888888888
171,8750,u.s._state,3.418562250390693e-05,0.016957745412700113,0.013544018058690745,0.17326388888888888
172,8750,society,0.00032693392950164954,0.010791582061211882,0.0010418475429762111,0.17326388888888888
173,8750,united_states,1.7153103355134957e-05,0.006699974446679623,0.0038201076575794407,0.17326388888888888
174,8750,person,0.0003038420539831375,0.0098414417505277,0.0005209237714881056,0.17326388888888888
175,8750,federated_state,3.1683500221874937e-05,0.013653414039721083,0.0006945650286508074,0.17326388888888888
176,8750,poland,3.285919623391406e-06,0.006187942982525375,0.004861955200555651,0.17326388888888888
177,8750,individual,0.00031975916922305183,0.01047594150660946,0.0006945650286508074,0.17326388888888888
178,9000,federation,2.478959615572332e-05,0.011513140087364612,0.0008460236886632825,0.17323633902892913
179,9000,u.s._state,3.40356002646132e-05,0.0173748828404124,0.013874788494077835,0.17323633902892913
180,9000,society,0.00031968846404978985,0.01085655136676912,0.0010152284263959391,0.17323633902892913
181,9000,united_states,1.6631357236114605e-05,0.006664063516855395,0.003722504230118443,0.17323633902892913
182,9000,person,0.00029667364267657793,0.009872349955210512,0.0005076142131979696,0.17323633902892913
183,9000,federated_state,3.157381588887162e-05,0.01395431656601107,0.0006768189509306261,0.17323633902892913
184,9000,poland,3.1201685692538588e-06,0.006029841562836487,0.0047377326565143825,0.17323633902892913
185,9000,individual,0.0003123317363222831,0.010517431761913217,0.0006768189509306261,0.17323633902892913
186,9250,federation,2.410750419699649e-05,0.011392772951851971,0.0008257638315441783,0.172556142668428
187,9250,u.s._state,3.3243266534093577e-05,0.017139025830879503,0.013542526837324525,0.172556142668428
188,9250,society,0.00031105225437889363,0.010811882280302805,0.0009909165978530142,0.172556142668428
189,9250,united_states,1.6826165259668364e-05,0.0068729975227085046,0.0037985136251032204,0.172556142668428
190,9250,person,0.00028836283866407337,0.009816785011623879,0.0004954582989265071,0.172556142668428
191,9250,federated_state,3.073434075793557e-05,0.013799605905303677,0.0006606110652353427,0.172556142668428
192,9250,poland,2.9725316261002456e-06,0.005885444035733054,0.004624277456647399,0.172556142668428
193,9250,individual,0.0003036618317121673,0.010462021632304964,0.0006606110652353427,0.172556142668428
194,9500,federation,2.3556593106448404e-05,0.011379834221054565,0.0008054123711340206,0.17377999677886938
195,9500,u.s._state,3.266272105839046e-05,0.01717150077624854,0.013530927835051547,0.17377999677886938
196,9500,society,0.0003034078814756763,0.010780762092789354,0.0009664948453608248,0.17377999677886938
197,9500,united_states,1.6629709450697607e-05,0.006908101833635004,0.0037048969072164947,0.17377999677886938
198,9500,person,0.0002809409105173235,0.009774398795907094,0.0004832474226804124,0.17377999677886938
199,9500,federated_state,3.0068382610543723e-05,0.01379873777425324,0.0006443298969072165,0.17377999677886938
200,9500,poland,2.827828908152947e-06,0.0057403936269915645,0.004510309278350515,0.17377999677886938
201,9500,individual,0.00029593618674587767,0.010419777186989025,0.0006443298969072165,0.17377999677886938
202,9750,federation,2.27954613714376e-05,0.011274470236246965,0.0007883948281299275,0.1715276682957591
203,9750,u.s._state,3.167003030230262e-05,0.017097169993825344,0.013560391043834753,0.1715276682957591
204,9750,society,0.00029325851450256205,0.010653512318924297,0.000946073793755913,0.1715276682957591
205,9750,united_states,1.5934450097155402e-05,0.0067621406785250875,0.0036266162093976663,0.1715276682957591
206,9750,person,0.0002714325438546643,0.009651176146304168,0.0004730368968779565,0.1715276682957591
207,9750,federated_state,2.9109580442697306e-05,0.013690773243517338,0.000630715862503942,0.1715276682957591
208,9750,poland,2.8090372246155385e-06,0.005828923520503464,0.004572690003153579,0.1715276682957591
209,9750,individual,0.00028595004597126145,0.010290833152977661,0.000630715862503942,0.1715276682957591
210,10000,federation,2.232121291472064e-05,0.01129141892064317,0.0007713668620796051,0.17183402745642448
211,10000,u.s._state,3.1149752351139995e-05,0.017228289184172057,0.013576056772601049,0.17183402745642448
212,10000,society,0.00028760573484788233,0.01060103694586502,0.000925640234495526,0.17183402745642448
213,10000,united_states,1.5396401658661253e-05,0.006690438790870757,0.003548287565566183,0.17183402745642448
214,10000,person,0.0002662601826255962,0.009621932635705871,0.000462820117247763,0.17183402745642448
215,10000,federated_state,2.853212610314504e-05,0.013737244788202945,0.000617093489663684,0.17183402745642448
216,10000,poland,2.784202463776455e-06,0.005971872480616297,0.004782474544893551,0.17183402745642448
217,10000,individual,0.00028020499154673295,0.010233587010485132,0.000617093489663684,0.17183402745642448
218,10250,federation,2.204299906126519e-05,0.011384880353847134,0.0007557436517533253,0.17092337917485265
219,10250,u.s._state,3.092872614399282e-05,0.017490067369148384,0.013603385731559853,0.17092337917485265
220,10250,society,0.00028112247611087124,0.010588290628179146,0.0009068923821039902,0.17092337917485265
221,10250,united_states,1.519025323911021e-05,0.006824252377772564,0.003778718258766626,0.17092337917485265
222,10250,person,0.0002600388614647077,0.009595030284520993,0.0004534461910519951,0.17092337917485265
223,10250,federated_state,2.8210470301204677e-05,0.013880516123896893,0.0006045949214026602,0.17092337917485265
224,10250,poland,2.672570870640443e-06,0.005850918594219293,0.004685610640870617,0.17092337917485265
225,10250,individual,0.0002737215106229438,0.010209865897153026,0.0006045949214026602,0.17092337917485265
226,10500,federation,2.1507794879963313e-05,0.011355275957131388,0.0007396449704142012,0.17216388108268008
227,10500,u.s._state,3.028157488694733e-05,0.017525099616258845,0.013609467455621301,0.17216388108268008
228,10500,society,0.0002778290736376136,0.010702658875585793,0.0008875739644970415,0.17216388108268008
229,10500,united_states,1.4550034176170501e-05,0.006678883688068534,0.003698224852071006,0.17216388108268008
230,10500,person,0.0002566275952666223,0.009674162877641612,0.00044378698224852074,0.17216388108268008
231,10500,federated_state,2.754660605684009e-05,0.013864265304744976,0.000591715976331361,0.17216388108268008
232,10500,poland,2.6912093288255214e-06,0.0061159393491124255,0.005029585798816568,0.17216388108268008
233,10500,individual,0.00027023680016523586,0.01030167047464827,0.000591715976331361,0.17216388108268008
234,10750,federation,2.107273396852934e-05,0.011326455043752997,0.0007244277021153289,0.17079530638852672
235,10750,u.s._state,2.9783077192572842e-05,0.01750186734078871,0.013619240799768183,0.17079530638852672
236,10750,society,0.00027186765248442285,0.010687333977244461,0.0008693132425383948,0.17079530638852672
237,10750,united_states,1.4461268629797525e-05,0.006724758869064868,0.0036221385105766448,0.17079530638852672
238,10750,person,0.0002508998624101591,0.009647099262368774,0.0004346566212691974,0.17079530638852672
239,10750,federated_state,2.7012558383961415e-05,0.013836099138770269,0.0005795421616922632,0.17079530638852672
240,10750,poland,2.5816197989333753e-06,0.005990111561866126,0.0049261083743842365,0.17079530638852672
241,10750,individual,0.00026426971453959457,0.010276659854329316,0.0005795421616922632,0.17079530638852672
242,11000,federation,2.0691868449956837e-05,0.011304731742168145,0.0007094211123723042,0.17137182579089233
243,11000,u.s._state,2.9165872941622043e-05,0.01740133942039566,0.013337116912599319,0.17137182579089233
244,11000,society,0.00027030262783508794,0.010814975885762683,0.000851305334846765,0.17137182579089233
245,11000,united_states,1.4593000609162168e-05,0.0069970301494254655,0.0038308740068104426,0.17137182579089233
246,11000,person,0.00024906729591416915,0.009742716609912976,0.0004256526674233825,0.17137182579089233
247,11000,federated_state,2.6549196970324e-05,0.013810872414440753,0.0005675368898978433,0.17137182579089233
248,11000,poland,2.556291141191166e-06,0.006055159999541385,0.004965947786606129,0.17137182579089233
249,11000,individual,0.00026245259992119376,0.010383467889848449,0.0005675368898978433,0.17137182579089233
250,11250,federation,2.037088055419299e-05,0.01134576642424497,0.0006948304613674263,0.1709045435598166
251,11250,u.s._state,2.8847483931719743e-05,0.017529467128202535,0.013340744858254585,0.1709045435598166
252,11250,society,0.0002655358761907697,0.010883632301587894,0.0008337965536409116,0.1709045435598166
253,11250,united_states,1.4230653050654251e-05,0.0069176298240754336,0.003752084491384102,0.1709045435598166
254,11250,person,0.00024443125775879535,0.009782676028534922,0.0004168982768204558,0.1709045435598166
255,11250,federated_state,2.6163548010361614e-05,0.013877659305674871,0.0005558643690939411,0.1709045435598166
256,11250,poland,2.452229223111384e-06,0.0059306236349037905,0.0048638132295719845,0.1709045435598166
257,11250,individual,0.0002576385395588598,0.010433568794801604,0.0005558643690939411,0.1709045435598166
258,11500,federation,1.9884942378268843e-05,0.011352335704374916,0.00081799591002045,0.16875681570338058
259,11500,u.s._state,2.7950423679361063e-05,0.017354934441735147,0.013224267211997275,0.16875681570338058
260,11500,society,0.00025714761466178127,0.010733967414141487,0.00081799591002045,0.16875681570338058
261,11500,united_states,1.3696450965218819e-05,0.006786539088486275,0.003680981595092025,0.16875681570338058
262,11500,person,0.00023664939835969667,0.00964554851894506,0.000408997955010225,0.16875681570338058
263,11500,federated_state,2.5330071459420964e-05,0.013716322483081522,0.0005453306066803,0.16875681570338058
264,11500,poland,2.3601754037758344e-06,0.005818236902081483,0.004771642808452625,0.16875681570338058
265,11500,individual,0.000249453814526638,0.010287855860670549,0.0005453306066803,0.16875681570338058
266,11750,federation,1.9420725404367248e-05,0.011263940661822309,0.0008027829810008028,0.16923076923076924
267,11750,u.s._state,2.736800842698389e-05,0.017215049978699788,0.013112122023013113,0.16923076923076924
268,11750,society,0.0002507153002202507,0.010644197669295528,0.0008027829810008028,0.16923076923076924
269,11750,united_states,1.3621356712187534e-05,0.006852141186219756,0.0036125234145036123,0.16923076923076924
270,11750,person,0.00023061440194457842,0.00955999758040498,0.0004013914905004014,0.16923076923076924
271,11750,federated_state,2.4754712658285622e-05,0.013611288363763612,0.0005351886540005352,0.16923076923076924
272,11750,poland,2.344806477393649e-06,0.005888386930902947,0.004816697886004816,0.16923076923076924
273,11750,individual,0.00024312600291937357,0.01019757026620034,0.0005351886540005352,0.16923076923076924
274,12000,federation,1.924185507592392e-05,0.011368731748570159,0.0007871949619522435,0.16988062442607896
275,12000,u.s._state,2.7262163184493283e-05,0.01746803113793405,0.013251115192862765,0.16988062442607896
276,12000,society,0.00024751083886123606,0.010679375336448372,0.0007871949619522435,0.16988062442607896
277,12000,united_states,1.361387063064027e-05,0.006992263324048887,0.0035423773287850957,0.16988062442607896
278,12000,person,0.0002274256466665999,0.009580445993019288,0.00039359748097612176,0.16988062442607896
279,12000,federated_state,2.4560042212292877e-05,0.013764616542215719,0.0005247966413014956,0.16988062442607896
280,12000,poland,2.254635970434735e-06,0.005774049320594153,0.004723169771713461,0.16988062442607896
281,12000,individual,0.00023983474998479413,0.010221785326842564,0.0005247966413014956,0.16988062442607896
282,12250,federation,1.8872211900650697e-05,0.011306097857994385,0.0007733952049497294,0.1689650728186622
283,12250,u.s._state,2.6813160218001957e-05,0.017356863296538468,0.013018819283320444,0.1689650728186622
284,12250,society,0.0002425810195187513,0.010666698659633779,0.0007733952049497294,0.1689650728186622
285,12250,united_states,1.3738837360772999e-05,0.007200324703224936,0.003609177623098737,0.1689650728186622
286,12250,person,0.00022276187445055033,0.00955746525324588,0.0003866976024748647,0.1689650728186622
287,12250,federated_state,2.410526361606e-05,0.013688384824072437,0.0005155968032998196,0.1689650728186622
288,12250,poland,2.1762849991067263e-06,0.005672828553953161,0.004640371229698376,0.1689650728186622
289,12250,individual,0.00023495571559058344,0.01020110525700449,0.0005155968032998196,0.1689650728186622
290,12500,federation,1.8497650333562006e-05,0.01129464189284521,0.0007596859964547986,0.1681225471578681
291,12500,u.s._state,2.6271792804773077e-05,0.01731297184887365,0.012914661939731576,0.1681225471578681
292,12500,society,0.0002376002347438385,0.010637300554382889,0.0007596859964547986,0.1681225471578681
293,12500,united_states,1.3544639975615162e-05,0.007256260005123808,0.003671815649531527,0.1681225471578681
294,12500,person,0.0002183011264235537,0.009539257644130165,0.0003798429982273993,0.1681225471578681
295,12500,federated_state,2.3578893969384498e-05,0.013631940737609963,0.0005064573309698658,0.1681225471578681
296,12500,poland,2.195994883620446e-06,0.005852926702246091,0.004811344644213724,0.1681225471578681
297,12500,individual,0.00023029093790492665,0.01018546607214389,0.0005064573309698658,0.1681225471578681
298,12750,federation,1.811625988750774e-05,0.011286773874567318,0.0007450639513224885,0.16662527936429103
299,12750,u.s._state,2.580988855462805e-05,0.017381086188567863,0.012914441822923135,0.16662527936429103
300,12750,society,0.0002316876913443224,0.010583700756862697,0.0007450639513224885,0.16662527936429103
301,12750,united_states,1.3305814708867386e-05,0.007296845182276614,0.0037253197566124428,0.16662527936429103
302,12750,person,0.00021275427250018664,0.009481541087196338,0.00037253197566124423,0.16662527936429103
303,12750,federated_state,2.311172218840349e-05,0.013644483536944802,0.000496709300881659,0.16662527936429103
304,12750,poland,2.112278812415796e-06,0.0057402725809437005,0.004718738358375761,0.16662527936429103
305,12750,individual,0.00022447202357636187,0.010126861869369277,0.000496709300881659,0.16662527936429103
306,13000,federation,1.7953707623886244e-05,0.011412225767623546,0.000732421875,0.165140974002197
307,13000,u.s._state,2.538847949469059e-05,0.0174429272249691,0.012939453125,0.165140974002197
308,13000,society,0.0002256654403911876,0.010481506182249321,0.000732421875,0.165140974002197
309,13000,united_states,1.3036924623153912e-05,0.007312046496616809,0.0037841796875,0.165140974002197
310,13000,person,0.00020716045709752228,0.009385972317185258,0.0003662109375,0.165140974002197
311,13000,federated_state,2.2691698515501036e-05,0.013653720468628968,0.00048828125,0.165140974002197
312,13000,poland,2.041209912425241e-06,0.005642872936320755,0.004638671875,0.165140974002197
313,13000,individual,0.00021858825273861834,0.010025824992658574,0.00048828125,0.165140974002197
314,13250,federation,1.772665986659109e-05,0.011474243536482293,0.000720634158059092,0.16524558664585084
315,13250,u.s._state,2.5082718883646792e-05,0.017657883259612782,0.013211626231083353,0.16524558664585084
316,13250,society,0.0002221385586699507,0.010490515646517148,0.000720634158059092,0.16524558664585084
317,13250,united_states,1.2707231360835437e-05,0.007273218614198678,0.003843382176315157,0.16524558664585084
318,13250,person,0.00020379168206270586,0.009383387078882461,0.000360317079029546,0.16524558664585084
319,13250,federated_state,2.2428768179454145e-05,0.013760419671594106,0.00048042277203939464,0.16524558664585084
320,13250,poland,2.0048866732759653e-06,0.005658437368809786,0.004684122027384097,0.16524558664585084
321,13250,individual,0.00021507097255552463,0.010026286292873875,0.00048042277203939464,0.16524558664585084
322,13500,federation,1.7387361138370102e-05,0.011403694484035986,0.0007093875620714117,0.1653859794301927
323,13500,u.s._state,2.4655389910036062e-05,0.017544103091995247,0.013123669898321116,0.1653859794301927
324,13500,society,0.0002195363998395331,0.010570326308600686,0.0007093875620714117,0.1653859794301927
325,13500,united_states,1.2649165458380179e-05,0.007328383905696402,0.003783400331047529,0.1653859794301927
326,13500,person,0.0002012545120831118,0.00943716748355896,0.00035469378103570584,0.1653859794301927
327,13500,federated_state,2.2013740991103624e-05,0.01367842691315449,0.0004729250413809411,0.1653859794301927
328,13500,poland,1.942799998579939e-06,0.005570128816825524,0.004611019153464176,0.1653859794301927
329,13500,individual,0.00021243609480875176,0.010089945162340493,0.0004729250413809411,0.1653859794301927
330,13750,federation,1.7134439106433054e-05,0.011431599832124616,0.0006975122064636131,0.1658723701034523
331,13750,u.s._state,2.4377388129341665e-05,0.017662677209395128,0.01325273192280865,0.1658723701034523
332,13750,society,0.00021569394086505078,0.01053384706117012,0.0006975122064636131,0.1658723701034523
333,13750,united_states,1.2472466321165386e-05,0.007335158688727189,0.00372006510113927,0.1658723701034523
334,13750,person,0.0001978162887058939,0.009417306366559753,0.00034875610323180655,0.1658723701034523
335,13750,federated_state,2.171533410413085e-05,0.01373507963648732,0.00046500813764240875,0.1658723701034523
336,13750,poland,1.878302078702046e-06,0.005476883228634071,0.004533829342013485,0.1658723701034523
337,13750,individual,0.00020884286781539657,0.010070400069210514,0.0005812601720530109,0.1658723701034523
338,14000,federation,1.6770075142514193e-05,0.01136397792579412,0.0006868131868131868,0.16435847544923887
339,14000,u.s._state,2.3897357078082728e-05,0.017594740912606342,0.013163919413919414,0.16435847544923887
340,14000,society,0.00021090989815952617,0.010447732617543939,0.0006868131868131868,0.16435847544923887
341,14000,united_states,1.2250015826758415e-05,0.007333638583638584,0.003663003663003663,0.16435847544923887
342,14000,person,0.00019336682736591172,0.009337329442744773,0.0003434065934065934,0.16435847544923887
343,14000,federated_state,2.1263931215859794e-05,0.013665033110993811,0.0004578754578754579,0.16435847544923887
344,14000,poland,1.9259383171481143e-06,0.005698118253427989,0.004693223443223443,0.16435847544923887
345,14000,individual,0.00020416256323890522,0.009985349082257771,0.0005723443223443224,0.16435847544923887
346,14250,federation,1.6561043026682e-05,0.011412900559750553,0.0006762087230925279,0.16486364660806851
347,14250,u.s._state,2.35461455302672e-05,0.0177139254097526,0.013411473008001802,0.16486364660806851
348,14250,society,0.00020790205087943583,0.010439283780963558,0.0006762087230925279,0.16486364660806851
349,14250,united_states,1.1950875374315768e-05,0.007275073158788576,0.0036064465231601486,0.16486364660806851
350,14250,person,0.00019049009536595347,0.009323289426600712,0.00033810436154626394,0.16486364660806851
351,14250,federated_state,2.091720695164513e-05,0.013706005965144338,0.00045080581539501857,0.16486364660806851
352,14250,poland,1.8669273964127714e-06,0.005610138742471194,0.00462075960779894,0.16486364660806851
353,14250,individual,0.0002011582519168836,0.00997156569335122,0.0005635072692437732,0.16486364660806851
354,14500,federation,1.6338735450774393e-05,0.011447962382353294,0.0006655574043261231,0.16492901508429458
355,14500,u.s._state,2.31793505943215e-05,0.017760257379012833,0.013422074320576816,0.16492901508429458
356,14500,society,0.0002037051527548732,0.010422497284641164,0.0006655574043261231,0.16492901508429458
357,14500,united_states,1.1725011208274093e-05,0.007268143062815984,0.003549639489739323,0.16492901508429458
358,14500,person,0.0001865667051020654,0.009297169612919758,0.00033277870216306157,0.16492901508429458
359,14500,federated_state,2.065718134175467e-05,0.013772503944000295,0.0004437049362174154,0.16492901508429458
360,14500,poland,1.808579903060117e-06,0.005521770500493278,0.004547975596228508,0.16492901508429458
361,14500,individual,0.00019703678331637941,0.009947649004964027,0.0005546311702717692,0.16492901508429458
362,14750,federation,1.6189726484667217e-05,0.01152642689549855,0.0006558810668998689,0.16384304295551427
363,14750,u.s._state,2.3047957482600047e-05,0.017983346493013884,0.01355487538259729,0.16384304295551427
364,14750,society,0.00019985649808784394,0.010384235487180616,0.0006558810668998689,0.16384304295551427
365,14750,united_states,1.145826398435119e-05,0.0072344368465513025,0.0036073458679492785,0.16384304295551427
366,14750,person,0.00018297377962080721,0.009256106209850838,0.00032794053344993443,0.16384304295551427
367,14750,federated_state,2.0491056030409063e-05,0.01389624304406495,0.00043725404459991256,0.16384304295551427
368,14750,poland,1.7563762311779196e-06,0.00544149115237723,0.004481853957149104,0.16384304295551427
369,14750,individual,0.00019326112611770647,0.00990589968233923,0.0005465675557498907,0.16384304295551427
370,15000,federation,1.5779091606950787e-05,0.011386832263987826,0.0006453694740238787,0.16465906646590664
371,15000,u.s._state,2.2488676014598482e-05,0.017735761609611315,0.013337635796493493,0.16465906646590664
372,15000,society,0.00019625534392369508,0.010367223657923683,0.0006453694740238787,0.16465906646590664
373,15000,united_states,1.1302179252192756e-05,0.007219555190231319,0.0035495321071313327,0.16465906646590664
374,15000,person,0.00017975902088006472,0.009245919793655771,0.00032268473701193933,0.16465906646590664
375,15000,federated_state,1.9978365986219948e-05,0.013723040163020802,0.0004302463160159191,0.16465906646590664
376,15000,poland,1.7236690978267354e-06,0.005449786669534975,0.004517586318167151,0.16465906646590664
377,15000,individual,0.00018989280698540847,0.009898124195590458,0.0005378078950198989,0.16465906646590664
378,15250,federation,1.5513224732229058e-05,0.011369170506179542,0.0006357279084551812,0.16442419747854645
379,15250,u.s._state,2.2158542417814874e-05,0.01776239337598065,0.013350286077558806,0.16442419747854645
380,15250,society,0.00019367957997820558,0.010332146126738485,0.0006357279084551812,0.16442419747854645
381,15250,united_states,1.1236423992012507e-05,0.007335895412642786,0.0037084127993218903,0.16442419747854645
382,15250,person,0.00017745916772200372,0.009227416829593164,0.0003178639542275906,0.16442419747854645
383,15250,federated_state,1.9655323086926974e-05,0.013718002593195196,0.0004238186056367875,0.16442419747854645
384,15250,poland,1.672554620189674e-06,0.005368369004732641,0.004450095359186269,0.16442419747854645
385,15250,individual,0.00018749449544314177,0.009877681170695294,0.0005297732570459843,0.16442419747854645
386,15500,federation,1.5203369607657089e-05,0.011304787296186468,0.0006266318537859008,0.16562238930659984
387,15500,u.s._state,2.1692612732876578e-05,0.01762362952236653,0.013263707571801566,0.16562238930659984
388,15500,society,0.00019095824853692108,0.010324331663624885,0.0006266318537859008,0.16562238930659984
389,15500,united_states,1.1048072749323265e-05,0.007314333102255278,0.0036553524804177544,0.16562238930659984
390,15500,person,0.00017552584681896212,0.009264316226181612,0.0003133159268929504,0.16562238930659984
391,15500,federated_state,1.9227790974389848e-05,0.013606541822897084,0.0004177545691906005,0.16562238930659984
392,15500,poland,1.7995380095146483e-06,0.005848563968668407,0.004804177545691906,0.16562238930659984
393,15500,individual,0.00018548329047160983,0.00992087055365543,0.0005221932114882506,0.16562238930659984
394,15750,federation,1.4865574853903255e-05,0.011205802933584218,0.0006183017312448475,0.16506955177743432
395,15750,u.s._state,2.122591723782329e-05,0.017490094867788016,0.013190436933223413,0.16506955177743432
396,15750,society,0.00018808137670513452,0.01028965629191848,0.0006183017312448475,0.16506955177743432
397,15750,united_states,1.082001484009101e-05,0.007267208125960531,0.003606760098928277,0.16506955177743432
398,15750,person,0.00017280168940887253,0.009228706642146756,0.00030915086562242374,0.16506955177743432
399,15750,federated_state,1.8804952190187617e-05,0.01349350976574155,0.00041220115416323167,0.16506955177743432
400,15750,poland,1.7944872502211786e-06,0.00590821654300632,0.004843363561417972,0.16506955177743432
401,15750,individual,0.00018262358708020146,0.009883265537947699,0.0005152514427040395,0.16506955177743432
402,16000,federation,1.4534243649744987e-05,0.01111824891031526,0.0006100660904931367,0.1642944286295242
403,16000,u.s._state,2.0767635485304183e-05,0.01739348181159342,0.013218098627351295,0.1642944286295242
404,16000,society,0.00018433473169434753,0.01019286277614966,0.0006100660904931367,0.1642944286295242
405,16000,united_states,1.0533708591102519e-05,0.007170410539331061,0.0035587188612099642,0.1642944286295242
406,16000,person,0.00016962475394641927,0.009165407139786405,0.00030503304524656834,0.1642944286295242
407,16000,federated_state,1.8390056509883593e-05,0.0133986172922744,0.0004067107269954245,0.1642944286295242
408,16000,poland,1.7470036819394759e-06,0.005829520420267751,0.004778851042196238,0.1642944286295242
409,16000,individual,0.00017927979204660548,0.009815360861624206,0.0005083884087442806,0.1642944286295242
410,16250,federation,1.4393405139045529e-05,0.011083675103952258,0.0006019865556335909,0.16392455858747992
411,16250,u.s._state,2.0422530788198166e-05,0.01710686846635477,0.013043042038727803,0.16392455858747992
412,16250,society,0.00018136697007025272,0.010204916929658912,0.0006019865556335909,0.16392455858747992
413,16250,united_states,1.0498126965052089e-05,0.007098839883198479,0.003511588241195947,0.16392455858747992
414,16250,person,0.00016742650425376456,0.009220216368931765,0.00030099327781679544,0.16392455858747992
415,16250,federated_state,1.8228291403364653e-05,0.01334508043209257,0.0004013243704223939,0.16392455858747992
416,16250,poland,1.701038789159926e-06,0.005752315976054312,0.004715561352463128,0.16392455858747992
417,16250,individual,0.0001769784913005857,0.009881510217276361,0.0006019865556335909,0.16392455858747992
418,16500,federation,1.417923988894365e-05,0.011053362767860541,0.0005937654626422563,0.16475361171581238
419,16500,u.s._state,2.0162330753684374e-05,0.017075154190499247,0.012963879267689262,0.16475361171581238
420,16500,society,0.0001802761093615004,0.010239143872240283,0.0005937654626422563,0.16475361171581238
421,16500,united_states,1.0448376354629057e-05,0.0071601532637102575,0.0034636318654131617,0.16475361171581238
422,16500,person,0.00016626333844915346,0.009243970874822685,0.00029688273132112816,0.16475361171581238
423,16500,federated_state,1.796885717970414e-05,0.013315225412196947,0.0003958436417615042,0.16475361171581238
424,16500,poland,1.6548974732261579e-06,0.0056737588652482265,0.004651162790697674,0.16475361171581238
425,16500,individual,0.00017578144699338912,0.009906662746491246,0.0005937654626422563,0.16475361171581238
426,16750,federation,1.3952237854248604e-05,0.011037321128555704,0.0005853658536585367,0.16437420739440053
427,16750,u.s._state,1.9881463081531605e-05,0.017101593233674273,0.012878048780487806,0.16437420739440053
428,16750,society,0.0001781242044202707,0.010255301927530613,0.0005853658536585367,0.16437420739440053
429,16750,united_states,1.038328205933508e-05,0.007280626701483415,0.0036097560975609758,0.16437420739440053
430,16750,person,0.00016416244935056902,0.00924889397967655,0.00029268292682926834,0.16437420739440053
431,16750,federated_state,1.7692503527317978e-05,0.013310828773686976,0.0003902439024390244,0.16437420739440053
432,16750,poland,1.6464782733867725e-06,0.005723577235772358,0.004682926829268293,0.16437420739440053
433,16750,individual,0.00017358449264914073,0.00991367607417752,0.0005853658536585367,0.16437420739440053
434,17000,federation,1.3914917597655253e-05,0.011130394891273404,0.0005775339301183944,0.16352261790182868
435,17000,u.s._state,1.9908893420346964e-05,0.017282914151694216,0.012994513427663874,0.16352261790182868
436,17000,society,0.00017496480276252803,0.010212399255128932,0.0005775339301183944,0.16352261790182868
437,17000,united_states,1.0329649215303333e-05,0.007256277077203397,0.003561459235730099,0.16352261790182868
438,17000,person,0.00016132781294645045,0.009215340405162,0.0002887669650591972,0.16352261790182868
439,17000,federated_state,1.7666942648953774e-05,0.013437597838417062,0.0003850226200789296,0.16352261790182868
440,17000,poland,1.6397739113082421e-06,0.005775339301183944,0.004716527095966888,0.16352261790182868
441,17000,individual,0.00017060133659175863,0.009879557917236796,0.0005775339301183944,0.16352261790182868
442,17250,federation,1.3852890175856981e-05,0.011240253383405762,0.000665019950598518,0.16300940438871472
443,17250,u.s._state,1.9574539929272827e-05,0.017226295318840224,0.013015390461713853,0.16300940438871472
444,17250,society,0.00017059360455649804,0.010084624434157861,0.0005700171005130154,0.16300940438871472
445,17250,united_states,1.0170819041166656e-05,0.007237809726884399,0.003515105453163595,0.16300940438871472
446,17250,person,0.00015729122011401387,0.009100080776726882,0.0002850085502565077,0.16300940438871472
447,17250,federated_state,1.735446762747425e-05,0.013379374486369066,0.0003800114003420103,0.16300940438871472
448,17250,poland,1.6334678318111488e-06,0.005869373161486816,0.0048451453543606315,0.16300940438871472
449,17250,individual,0.00016633395363597393,0.00975582286614401,0.0005700171005130154,0.16300940438871472
450,17500,federation,1.3608158911268622e-05,0.011218086999665635,0.0006559220389805098,0.1631218963740279
451,17500,u.s._state,1.9262129452466683e-05,0.017268383099516522,0.013118440779610194,0.1631218963740279
452,17500,society,0.00016849534569359187,0.010086834755211226,0.0005622188905547226,0.1631218963740279
453,17500,united_states,9.894448447096605e-06,0.007138791715253484,0.003467016491754123,0.1631218963740279
454,17500,person,0.00015525592399153184,0.00909430408589243,0.0002811094452773613,0.1631218963740279
455,17500,federated_state,1.7058485654577377e-05,0.013374589252703744,0.0003748125937031484,0.1631218963740279
456,17500,poland,1.624199611990126e-06,0.005914007282073248,0.004872563718140929,0.1631218963740279
457,17500,individual,0.00016420219104352067,0.009750731041801753,0.0005622188905547226,0.1631218963740279
458,17750,federation,1.3330094436750496e-05,0.011114923908691916,0.0006473090438320696,0.16347665279704116
459,17750,u.s._state,1.888786312429881e-05,0.017095234947515577,0.013038653597188829,0.16347665279704116
460,17750,society,0.00016715203088135693,0.010121255027312955,0.000554836323284631,0.16347665279704116
461,17750,united_states,9.73892082325774e-06,0.007073272057120023,0.0034214906602552247,0.16347665279704116
462,17750,person,0.00015389889016489557,0.009116642129455366,0.0002774181616423155,0.16347665279704116
463,17750,federated_state,1.6716058129472238e-05,0.013250194682340068,0.000369890882189754,0.16347665279704116
464,17750,poland,1.581826472609905e-06,0.005836349705408333,0.004808581468466802,0.16347665279704116
465,17750,individual,0.00016279132006497286,0.009775714272417956,0.000554836323284631,0.16347665279704116
466,18000,federation,1.3127476233920095e-05,0.01107393111862538,0.0006399122406070025,0.16252285191956126
467,18000,u.s._state,1.8584027462914254e-05,0.01701736671581034,0.012889660846512479,0.16252285191956126
468,18000,society,0.00016449036897817765,0.010071932756923259,0.0005484962062345736,0.16252285191956126
469,18000,united_states,9.668039466992713e-06,0.0071549059259134185,0.003565225340524728,0.16252285191956126
470,18000,person,0.00015140467338153928,0.009068456915391442,0.0002742481031172868,0.16252285191956126
471,18000,federated_state,1.646992721645863e-05,0.013211063250344856,0.0003656641374897157,0.16252285191956126
472,18000,poland,1.5793080892494576e-06,0.005891539669764371,0.004845049821738733,0.16252285191956126
473,18000,individual,0.00016016189495579025,0.009724680139069382,0.0005484962062345736,0.16252285191956126
474,18250,federation,1.2860619057193154e-05,0.01098968136203868,0.0006321683373972727,0.1627234964782373
475,18250,u.s._state,1.8218530737964178e-05,0.01691530764080117,0.012823986272916102,0.1627234964782373
476,18250,society,0.0001626130272672362,0.01007292284154626,0.000541858574911948,0.1627234964782373
477,18250,united_states,9.435470037522182e-06,0.007068320773373692,0.003522080736927662,0.1627234964782373
478,18250,person,0.00014959746099248652,0.00906243689020466,0.000270929287455974,0.1627234964782373
479,18250,federated_state,1.6138975976021087e-05,0.013118353093969458,0.00036123904994129867,0.1627234964782373
480,18250,poland,1.590247759132952e-06,0.005980580960261264,0.004876727174207532,0.1627234964782373
481,18250,individual,0.00015826635005893947,0.009719392171165856,0.000541858574911948,0.1627234964782373
482,18750,federation,1.2672131406577787e-05,0.011076422352229658,0.0006176107287806599,0.16400529333921482
483,18750,u.s._state,1.801186245382125e-05,0.017120169401799893,0.013146285512616906,0.16400529333921482
484,18750,society,0.00015970933181828196,0.010093207464491652,0.0005293806246691371,0.16400529333921482
485,18750,united_states,9.286150348923402e-06,0.007088059429483897,0.0034409740603493916,0.16400529333921482
486,18750,person,0.00014675698128969138,0.009068684227239726,0.00026469031233456857,0.16400529333921482
487,18750,federated_state,1.5902435174225073e-05,0.01323451561672843,0.0003529204164460914,0.16400529333921482
488,18750,poland,1.5956922225727556e-06,0.006117287218398917,0.0049408858302452795,0.16400529333921482
489,18750,individual,0.0001552958806465807,0.009727215474705654,0.0005293806246691371,0.16400529333921482
490,19000,federation,1.2635244084997994e-05,0.011155694882119914,0.0006105538595726123,0.1643118785975929
491,19000,u.s._state,1.794493726460582e-05,0.017214778693625813,0.013170518970780637,0.1643118785975929
492,19000,society,0.0001576324671458931,0.010061889624179072,0.0005233318796336677,0.1643118785975929
493,19000,united_states,9.166447394595173e-06,0.0070912178812150084,0.0034016572176188403,0.1643118785975929
494,19000,person,0.00014490593893746345,0.009049602141386429,0.00026166593981683385,0.1643118785975929
495,19000,federated_state,1.587583046682168e-05,0.013345897100680421,0.00034888791975577847,0.1643118785975929
496,19000,poland,1.559437108624075e-06,0.00604739060910016,0.0048844308765808985,0.1643118785975929
497,19000,individual,0.00015322800819031582,0.009693424540737076,0.0005233318796336677,0.1643118785975929
498,19250,federation,1.2483085196513724e-05,0.011148111614473506,0.0006036043804432182,0.16390757027073632
499,19250,u.s._state,1.7724642709046287e-05,0.01721362694818157,0.013193067172544624,0.16390757027073632
500,19250,society,0.00015558132270532827,0.010040495070670412,0.0005173751832370441,0.16390757027073632
501,19250,united_states,9.048192188300895e-06,0.0070794691404441135,0.0033629386910407864,0.16390757027073632
502,19250,person,0.0001434105005095612,0.009066144931981197,0.00025868759161852203,0.16390757027073632
503,19250,federated_state,1.569493320419325e-05,0.013349135290341974,0.00034491678882469606,0.16390757027073632
504,19250,poland,1.5687498370842143e-06,0.006058899736221769,0.004915064240751919,0.16390757027073632
505,19250,individual,0.0001516631655292933,0.009713807640519719,0.0005173751832370441,0.16390757027073632
506,19500,federation,1.2530335644079638e-05,0.011260775847285676,0.0005973205904940695,0.16331058020477815
507,19500,u.s._state,1.7867195624968874e-05,0.01739227186243343,0.013311716016724977,0.16331058020477815
508,19500,society,0.0001535967232699036,0.009986735749556153,0.0005119890775663453,0.16331058020477815
509,19500,united_states,9.1665848784987e-06,0.007154253006134205,0.003413260517108968,0.16331058020477815
510,19500,person,0.00014153236175785247,0.009017207338854234,0.00025599453878317265,0.16331058020477815
511,19500,federated_state,1.5777592876653443e-05,0.013492659392328065,0.0003413260517108968,0.16331058020477815
512,19500,poland,1.5653818497833367e-06,0.006109534357547118,0.004949227749808004,0.16331058020477815
513,19500,individual,0.0001496869090683517,0.009660256181924747,0.0005119890775663453,0.16331058020477815
514,19750,federation,1.240060806044072e-05,0.011247961571244544,0.0005901197099983139,0.16176346623956842
515,19750,u.s._state,1.7723275932801808e-05,0.017364979658094665,0.013235542067105041,0.16176346623956842
516,19750,society,0.0001500366979828567,0.009873995340155288,0.0005058168942842691,0.16176346623956842
517,19750,united_states,9.245381711537751e-06,0.007297276753162294,0.0035407182599898838,0.16176346623956842
518,19750,person,0.00013846042833789513,0.008936310628305374,0.00025290844714213456,0.16176346623956842
519,19750,federated_state,1.5626898065850512e-05,0.013479550641394604,0.0003372112628561794,0.16176346623956842
520,19750,poland,1.5847195401021666e-06,0.006260567960112725,0.005058168942842691,0.16176346623956842
521,19750,individual,0.00014644087696361142,0.009574641426320403,0.0005058168942842691,0.16176346623956842
522,20000,federation,1.2163318106578849e-05,0.011173248780907143,0.0005829447035309793,0.16212840369722709
523,20000,u.s._state,1.7398953893618206e-05,0.01727505354557017,0.013157894736842106,0.16212840369722709
524,20000,society,0.00014959355655365958,0.009988516918100852,0.0004996668887408394,0.16212840369722709
525,20000,united_states,9.105152037592946e-06,0.007302020055510349,0.0035809460359760162,0.16212840369722709
526,20000,person,0.00013792259624957054,0.009022748308500332,0.0002498334443704197,0.16212840369722709
527,20000,federated_state,1.5332438046548367e-05,0.013397615246998305,0.00033311125916055963,0.16212840369722709
528,20000,poland,1.6296349800718526e-06,0.006517394200967471,0.005246502331778815,0.16212840369722709
529,20000,individual,0.0001458974057265179,0.009671563994443829,0.0004996668887408394,0.16212840369722709
530,20250,federation,1.2028327172073895e-05,0.011138210926869695,0.0005767487847079179,0.16230021420332838
531,20250,u.s._state,1.7234719350956895e-05,0.01720467661139441,0.013100436681222707,0.16230021420332838
532,20250,society,0.00014712300402230788,0.009911768989968539,0.0004943561011782154,0.16230021420332838
533,20250,united_states,9.075549339200224e-06,0.007316470297437587,0.00354288539177721,0.16230021420332838
534,20250,person,0.00013592281224244224,0.008985316480658376,0.0002471780505891077,0.16230021420332838
535,20250,federated_state,1.5171168865454376e-05,0.013354562995597247,0.00032957073411881023,0.16230021420332838
536,20250,poland,1.6223308093259937e-06,0.00655792888586146,0.005273131745900964,0.16230021420332838
537,20250,individual,0.0001437900984684206,0.00963226712328752,0.0004943561011782154,0.16230021420332838
538,20500,federation,1.1926445546293362e-05,0.011169875507570051,0.0005704506560182545,0.1623207301173403
539,20500,u.s._state,1.7092801133718882e-05,0.01725169202351176,0.013201858039279602,0.1623207301173403
540,20500,society,0.0001452821690767295,0.009920700490250435,0.0005704506560182545,0.1623207301173403
541,20500,united_states,8.997958638768099e-06,0.00731485928594836,0.0035041968869692773,0.1623207301173403
542,20500,person,0.00013416587183591932,0.008983394156362883,0.0002444788525792519,0.1623207301173403
543,20500,federated_state,1.5054149250248914e-05,0.013408708662365832,0.00032597180343900254,0.1623207301173403
544,20500,poland,1.6003749313233298e-06,0.006558015178495571,0.005297041805883792,0.1623207301173403
545,20500,individual,0.00014194196745658162,0.009633134864098896,0.0004889577051585038,0.1623207301173403
546,20750,federation,1.1783348317802958e-05,0.01115479745941061,0.0005641976303699524,0.16183107672469374
547,20750,u.s._state,1.6882537088186268e-05,0.017244166335422757,0.01313774482147175,0.16183107672469374
548,20750,society,0.00014321899873810342,0.009876448604273709,0.0005641976303699524,0.16183107672469374
549,20750,united_states,8.879733820527366e-06,0.007324902921474749,0.0035463851051825584,0.16183107672469374
550,20750,person,0.00013221514424507244,0.008940188161531252,0.00024179898444426536,0.16183107672469374
551,20750,federated_state,1.4881836271271541e-05,0.013399857541736537,0.0003223986459256871,0.16183107672469374
552,20750,poland,1.5654834314170413e-06,0.006486129141236331,0.0052389779962924155,0.16183107672469374
553,20750,individual,0.00013988666263720325,0.009586876363431458,0.0004835979688885307,0.16183107672469374
554,21000,federation,1.1586418231487763e-05,0.011101613925044182,0.0005580802040979032,0.16238839285714285
555,21000,u.s._state,1.661376700883654e-05,0.01720030837387321,0.013154747668022004,0.16238839285714285
556,21000,society,0.00014207503738161134,0.009916731483678855,0.0005580802040979032,0.16238839285714285
557,21000,united_states,8.688224751751932e-06,0.007245481188450706,0.003507932711472534,0.16238839285714285
558,21000,person,0.00013107969808349074,0.008966004505114783,0.0002391772303276728,0.16238839285714285
559,21000,federated_state,1.4637148210157059e-05,0.013346493126934485,0.0003189029737702304,0.16238839285714285
560,21000,poland,1.5571434266124532e-06,0.006522066708324411,0.0052618990672088015,0.16238839285714285
561,21000,individual,0.0001387001673427084,0.009617038807190234,0.0004783544606553456,0.16238839285714285
562,21250,federation,1.1361444084590717e-05,0.011008007325966095,0.0005521811154058531,0.16217068938318346
563,21250,u.s._state,1.6295521389673104e-05,0.017070247323219667,0.013094580736767374,0.16217068938318346
564,21250,society,0.00014056831585929544,0.009912842079764613,0.0005521811154058531,0.16217068938318346
565,21250,united_states,8.505527964751102e-06,0.007168894103237139,0.0034708527254082196,0.16217068938318346
566,21250,person,0.00012962997045912542,0.008956365046797787,0.00023664904945965134,0.16217068938318346
567,21250,federated_state,1.4354245072919378e-05,0.013237982639272516,0.0003155320659462018,0.16217068938318346
568,21250,poland,1.574175987624015e-06,0.006663412575394344,0.00536404512108543,0.16217068938318346
569,21250,individual,0.0001371773043444532,0.00960768083039738,0.0004732980989193027,0.16217068938318346
570,21500,federation,1.1212907582947712e-05,0.010983957947671942,0.0005463201436041521,0.16240049945372248
571,21500,u.s._state,1.6042802049692706e-05,0.017002662772983394,0.013033637711699056,0.16240049945372248
572,21500,society,0.00013946396405993303,0.009933729553884461,0.0005463201436041521,0.16240049945372248
573,21500,united_states,8.399022029812545e-06,0.0071803445239963255,0.0035120580660266917,0.16240049945372248
574,21500,person,0.00012853731756139517,0.008967892246004729,0.00023413720440177945,0.16240049945372248
575,21500,federated_state,1.4172969008973018e-05,0.013218864167096351,0.0003121829392023726,0.16240049945372248
576,21500,poland,1.5409373267168775e-06,0.006592685648815586,0.005307109966440334,0.16240049945372248
577,21500,individual,0.0001360349217083852,0.009621116879850771,0.0004682744088035589,0.16240049945372248
578,21750,federation,1.1022911901211793e-05,0.010919320619488157,0.0005407911001236094,0.1623020471224411
579,21750,u.s._state,1.577941476275256e-05,0.016932154768290693,0.013056242274412854,0.1623020471224411
580,21750,society,0.00013807584718269412,0.009918266108624061,0.0005407911001236094,0.1623020471224411
581,21750,united_states,8.229883872101278e-06,0.007107675709669725,0.003476514215080346,0.1623020471224411
582,21750,person,0.00012720213549671257,0.008950229197597128,0.00023176761433868972,0.1623020471224411
583,21750,federated_state,1.3935300102506516e-05,0.013148933845762463,0.00030902348578491963,0.1623020471224411
584,21750,poland,1.5099061781302564e-06,0.006525964247394477,0.0052533992583436336,0.1623020471224411
585,21750,individual,0.00013463230621517966,0.009602116929859312,0.00046353522867737944,0.1623020471224411
586,22000,federation,1.1047116202071394e-05,0.011091288779604727,0.0005353319057815846,0.16249904412326988
587,22000,u.s._state,1.5842582208264375e-05,0.017310957630765657,0.013383297644539615,0.16249904412326988
588,22000,society,0.0001371912646820502,0.009970510867979064,0.0005353319057815846,0.16249904412326988
589,22000,united_states,8.134747822700534e-06,0.007121876296287992,0.003517895380850413,0.16249904412326988
590,22000,person,0.0001263137442289783,0.008986518631515384,0.00022942795962067913,0.16249904412326988
591,22000,federated_state,1.3982877098545634e-05,0.013393970460351616,0.0003059039461609055,0.16249904412326988
592,22000,poland,1.4795767067888102e-06,0.006460085746273639,0.005200367084735393,0.16249904412326988
593,22000,individual,0.0001337057796336465,0.009643720743123183,0.00045885591924135825,0.16249904412326988
594,22250,federation,1.090775958967361e-05,0.011061562612426879,0.0005302628588743277,0.16239963641872443
595,22250,u.s._state,1.5658745881230553e-05,0.017294534496227868,0.013408075145822285,0.16239963641872443
596,22250,society,0.0001356785288045356,0.00994767377373837,0.0005302628588743277,0.16239963641872443
597,22250,united_states,8.015854890465036e-06,0.0070785883224334855,0.003484584501174153,0.16239963641872443
598,22250,person,0.00012487978943169723,0.00896225520537693,0.00022725551094614042,0.16239963641872443
599,22250,federated_state,1.3811140101180632e-05,0.013366702134710452,0.00030300734792818723,0.16239963641872443
600,22250,poland,1.4746418803504039e-06,0.006499886372244528,0.00522687675176123,0.16239963641872443
601,22250,individual,0.00013219561977195703,0.009618058717720337,0.00045451102189228085,0.16239963641872443
602,22500,federation,1.0808691787816199e-05,0.01102753755624619,0.0005253677574302011,0.1630018761726079
603,22500,u.s._state,1.551179634374456e-05,0.017199539677774444,0.013284299009306515,0.1630018761726079
604,22500,society,0.00013481294316903633,0.010002536648415437,0.0006004202942059442,0.1630018761726079
605,22500,united_states,8.03752119917338e-06,0.007145128708740186,0.003452416691684179,0.1630018761726079
606,22500,person,0.0001240211487628582,0.009000319782523794,0.00022515761032722905,0.1630018761726079
607,22500,federated_state,1.3692511587379458e-05,0.013320343026245539,0.0003002101471029721,0.1630018761726079
608,22500,poland,1.4475423603276514e-06,0.00643988291804263,0.005178625037526269,0.1630018761726079
609,22500,individual,0.0001312982877883186,0.009662146997159261,0.0004503152206544581,0.1630018761726079
610,22750,federation,1.0738804236465997e-05,0.011073523725978706,0.0005200208008320333,0.16312583568563363
611,22750,u.s._state,1.5418406493672145e-05,0.01730054029600013,0.01344625213579972,0.16312583568563363
612,22750,society,0.0001330210052004177,0.009969485036013429,0.0005943094866651809,0.16312583568563363
613,22750,united_states,7.940976000141094e-06,0.007119872522609438,0.00341727954832479,0.16312583568563363
614,22750,person,0.00012233738495283386,0.008966632871356682,0.00022286605749944285,0.16312583568563363
615,22750,federated_state,1.3613890057225906e-05,0.013391585544656939,0.00029715474333259046,0.16312583568563363
616,22750,poland,1.4182285142712031e-06,0.006374340687913232,0.005125919322487186,0.16312583568563363
617,22750,individual,0.00012952234030528953,0.0096266490738875,0.0004457321149988857,0.16312583568563363
618,23000,federation,1.0631195836266398e-05,0.011063237156291233,0.0005154259627420661,0.16219997054925636
619,23000,u.s._state,1.52826828467287e-05,0.017313909705848875,0.013548339592077166,0.16219997054925636
620,23000,society,0.0001310494120092135,0.009910105944842006,0.0005890582431337898,0.16219997054925636
621,23000,united_states,7.866325934942654e-06,0.00710404730470383,0.0033870848980192916,0.16219997054925636
622,23000,person,0.00012051037850299122,0.008911448002663552,0.00022089684117517118,0.16219997054925636
623,23000,federated_state,1.3482806754102261e-05,0.013387848299172434,0.0002945291215668949,0.16219997054925636
624,23000,poland,1.4203841453859238e-06,0.006387155684607688,0.005154259627420661,0.16219997054925636
625,23000,individual,0.0001275906139757928,0.00956776877320961,0.00044179368235034236,0.16219997054925636
626,23250,federation,1.0495919704565129e-05,0.011039356618718944,0.0005105762217359591,0.16213259426737656
627,23250,u.s._state,1.5102846447673797e-05,0.017318489021910927,0.013566739606126914,0.16213259426737656
628,23250,society,0.00012968020001935334,0.009902834994062366,0.0005835156819839533,0.16213259426737656
629,23250,united_states,7.718996194284846e-06,0.007037203971202241,0.0033552151714077317,0.16213259426737656
630,23250,person,0.0001192108791989863,0.00889953642379611,0.00021881838074398248,0.16213259426737656
631,23250,federated_state,1.331540142956235e-05,0.013370237756627273,0.00029175784099197665,0.16213259426737656
632,23250,poland,1.4044210856589933e-06,0.006390969533748528,0.0051787016776075855,0.16213259426737656
633,23250,individual,0.00012622234507360204,0.009556113522412046,0.00043763676148796495,0.16213259426737656
634,23500,federation,1.0499740835665226e-05,0.011103955377065228,0.0005060728744939271,0.16193161280994722
635,23500,u.s._state,1.5125062209265888e-05,0.017376243597371957,0.013519375361480623,0.16193161280994722
636,23500,society,0.00012820241050217422,0.009875186199446235,0.000578368999421631,0.16193161280994722
637,23500,united_states,7.834301400030949e-06,0.007183384682119501,0.003397917871602082,0.16193161280994722
638,23500,person,0.00011782287575870427,0.008871381399042678,0.0002168883747831116,0.16193161280994722
639,23500,federated_state,1.333242353000597e-05,0.013450493496464683,0.0002891844997108155,0.16193161280994722
640,23500,poland,1.4006622916666404e-06,0.006430928761934001,0.005205320994794678,0.16193161280994722
641,23500,individual,0.00012475824464318796,0.00952641465831337,0.0004337767495662232,0.16193161280994722
642,23750,federation,1.0376128400118603e-05,0.011101460934624751,0.0005012172418731204,0.16138039664924464
643,23750,u.s._state,1.4938754030605539e-05,0.017373547793310566,0.013532865530574251,0.16138039664924464
644,23750,society,0.00012662567761014305,0.009837075421329592,0.0005728197049978519,0.16138039664924464
645,23750,united_states,7.71545120660993e-06,0.00716024631247315,0.0034369182299871116,0.16138039664924464
646,23750,person,0.00011634182703176462,0.008834927755711687,0.00021480738937419447,0.16138039664924464
647,23750,federated_state,1.3180348871889788e-05,0.013463484311743537,0.0003580123156236574,0.16138039664924464
648,23750,poland,1.3841673261027782e-06,0.006432062772393332,0.005226979808105398,0.16138039664924464
649,23750,individual,0.0001231960185687995,0.009487204247381979,0.00042961477874838895,0.16138039664924464
650,24000,federation,1.0345828297475003e-05,0.011156006970944097,0.0004964539007092199,0.1614069924118857
651,24000,u.s._state,1.4932797382208695e-05,0.017476976447141503,0.013617021276595745,0.1614069924118857
652,24000,society,0.00012517094255676248,0.009787183743272471,0.0005673758865248227,0.1614069924118857
653,24000,united_states,7.629859760461634e-06,0.007103832471977986,0.003404255319148936,0.1614069924118857
654,24000,person,0.0001151973025402856,0.008819048766013497,0.0002127659574468085,0.1614069924118857
655,24000,federated_state,1.3152329119055485e-05,0.01353705149939364,0.00035460992907801415,0.1614069924118857
656,24000,poland,1.3881616966957224e-06,0.0064976958525345616,0.00524822695035461,0.1614069924118857
657,24000,individual,0.00012199225345418386,0.009470121292315843,0.0004964539007092199,0.1614069924118857
658,24250,federation,1.0238932304696196e-05,0.011126743446883296,0.000492091388400703,0.16146492337972726
659,24250,u.s._state,1.477035166927458e-05,0.017435709280098036,0.013567662565905097,0.16146492337972726
660,24250,society,0.00012398892396579743,0.009799689945805264,0.000632688927943761,0.16146492337972726
661,24250,united_states,7.526010569523314e-06,0.0070529058844918495,0.0033743409490333918,0.16146492337972726
662,24250,person,0.00011407119368803427,0.008822570201795662,0.00021089630931458699,0.16146492337972726
663,24250,federated_state,1.302103601490081e-05,0.013503476732635439,0.000351493848857645,0.16146492337972726
664,24250,poland,1.3638732220541265e-06,0.006440598349436719,0.005202108963093146,0.16146492337972726
665,24250,individual,0.0001208065531143378,0.009476105916325445,0.000492091388400703,0.16146492337972726
666,24500,federation,1.0121017550786601e-05,0.011103481112248657,0.00048783887378911424,0.1613240418118467
667,24500,u.s._state,1.4613311809173168e-05,0.017432517713840707,0.013589797198411038,0.1613240418118467
668,24500,society,0.00012259835271211946,0.009786266173885458,0.0006272214091574326,0.1613240418118467
669,24500,united_states,7.42564099575466e-06,0.00702531535298627,0.0033451808488396406,0.1613240418118467
670,24500,person,0.00011276387068700292,0.008805077026878834,0.00020907380305247754,0.1613240418118467
671,24500,federated_state,1.287467251781923e-05,0.013484229543036049,0.00034845633842079586,0.1613240418118467
672,24500,poland,1.3501165446826654e-06,0.006446122576070575,0.0052268450763119385,0.1613240418118467
673,24500,individual,0.00011942703579241521,0.009458800499463038,0.00048783887378911424,0.1613240418118467
674,24750,federation,1.0026850841080598e-05,0.011089339907224292,0.0004827919166839093,0.16234482758620689
675,24750,u.s._state,1.4455218076870938e-05,0.017322446091174375,0.013587143940961447,0.16234482758620689
676,24750,society,0.000122662442831967,0.009892120919248756,0.0006207324643078833,0.16234482758620689
677,24750,united_states,7.386954153794197e-06,0.006987728015252824,0.003310573142975378,0.16234482758620689
678,24750,person,0.00011272596683243315,0.0088881746239351,0.00020691082143596112,0.16234482758620689
679,24750,federated_state,1.2761878940521463e-05,0.013467053464202253,0.0003448513690599352,0.16234482758620689
680,24750,poland,1.331839770162508e-06,0.006381778865073859,0.0051727705358990276,0.16234482758620689
681,24750,individual,0.00011940419196567659,0.00955012223928378,0.0004827919166839093,0.16234482758620689
